Field ID,Stratigraphic Position Relative to Khc/PgFtu Contact [m],Percent Sand,Percent Silt,Percent Clay,Percent Organic,Rock Type,d13C [‰] (PDB),Standard Devation [‰],Weight Percent Organic Carbon,Excursion
Herman Ridge Section,,,,,,,,,,
MT02-396,4.57,,,,,Mudstone,-24.13,0.1,0.4,
MT02-395,4.37,,,,,Siltstone,-23.75,0.03,0.4,
MT02-394,4.17,,,,,Mudstone,-23.55,0.04,0.5,
MT02-393,3.97,,,,,Siltstone,-23.7,0.01,0.6,
MT02-392,3.77,3,63,24,11,Mudstone,-23.84,0.02,0.4,
MT02-391,3.67,,,,,Siltstone,-24.1,0.07,0.4,
MT02-390,3.57,,,,,Mudstone,-23.81,0.01,59.2,
MT02-389,3.47,,,,,Lignite,-24.2,0.01,62.7,
MT02-388,3.37,,,,,Lignite,-23.8,0.01,60.3,
MT02-387,3.27,,,,,Lignite,-24.29,0.02,54.4,
MT02-386,3.17,,,,,Lignite,-24.24,0.04,18.2,
MT02-385,3.07,,,,,Lignite,-24.94,0.03,58.5,
MT02-384,2.93,5,26,30,39,Lignite,-24.07,0.01,0.6,
MT20-383,2.73,,,,,Mudstone,-23.74,0.02,0.5,
MT02-382,2.53,,,,,Lignite,-24.94,0.04,53.2,
MT02-381,2.46,,,,,Lignite,-25.01,0.03,26.9,
MT02-380,2.36,0,23,55,23,Carbonaceous shale,-24.69,0.03,2.4,
MT02-379,2.22,,,,,Lignite,-25.12,0.04,31.7,
MT02-378,2.1,,,,,Siltstone,-24.37,0.02,2.8,
MT02-377,2,,,,,Mudstone,-25.24,0.05,1.8,
MT02-376,1.9,,,,,Siltstone,-23.84,0.04,1,
MT02-375,1.8,,,,,Mudstone,-24.07,0.1,0.6,
MT02-374,1.6,,,,,Siltstone,-23.9,0.04,0.3,
MT02-372,1.4,,,,,Mudstone,-23.86,0.05,0.3,
MT02-371,1.2,,,,,Mudstone,-24.02,0.02,0.4,
MT02-370,1,,,,,Mudstone,-24.02,0.03,0.6,
MT02-369,0.8,,,,,Siltstone,-23.69,0.07,0.4,
MT02-368,0.6,,,,,Mudstone,-23.14,0.1,0.9,
MT02-366,0.4,,,,,Lignite,-23.66,0.01,49.4,
MT02-365,0.3,,,,,Lignite,-24.51,0.02,57.9,
MT02-364,0.2,,,,,Lignite,-24.52,0.04,55.6,
MT02-363,0.1,,,,,Lignite,-24.05,0.05,44.3,
MT02-362,0,,,,,Lignite,-23.75,0.04,41.7,
MT02-360,-0.09,,,,,Mudstone,-24.69,0.07,0.3,
MT02-359,-0.28,,,,,Carbonaceous shale,-25.75,< 0.01,2.2,
MT02-358,-0.39,2,27,6,66,Carbonaceous shale,-25.76,0.06,5.4,
MT02-357,-0.48,49,23,0,29,Sandstone,-24.97,0.02,2.4,
MT02-356,-0.67,,,,,Siltstone,-25.35,0.02,0.9,
MT02-355,-0.87,,,,,Siltstone,-26.47,0.02,1.3,K-Pg
MT02-353,-1.27,,,,,Mudstone,-24.26,0.01,4.7,
MT02-352,-1.47,,,,,Mudstone,-24.05,0.01,0.9,
MT02-351,-1.67,,,,,Mudstone,-23.57,0.03,0.4,
MT02-350,-1.87,,,,,Mudstone,-23.94,0.06,0.3,
MT02-349,-2.07,,,,,Mudstone,-23.97,0.01,0.2,
MT02-348,-2.27,1,78,9,11,Siltstone,-24.34,0.11,0.2,
MT02-347,-2.41,,,,,Mudstone,-24.41,0.23,0.3,
MT02-346,-2.61,,,,,Mudstone,-24.83,0.01,0.6,
MT02-345,-2.81,,,,,Mudstone,-24.65,0.04,0.6,
MT02-344,-3.2,,,,,Siltstone,-24.77,0.06,0.2,
MT02-343,-3.4,0,47,51,2,Siltstone,-24.04,0.04,0.3,
MT02-342,-3.6,5,25,26,43,Mudstone,-25.64,0.07,0.9,Neg1
MT02-340,-4.09,40,53,0,7,Sandstone,-23.84,0.11,0.3,
MT02-339,-4.32,15,76,8,0,Mudstone,-24.13,0.11,0.4,
MT02-338,-5.12,,,,,Mudstone,-24.87,0.35,0.2,
MT02-337,-5.32,,,,,Mudstone,-24.24,0.11,0.1,
MT02-336,-5.52,,,,,Mudstone,-23.86,0.1,0.1,
MT02-335,-5.72,,,,,Mudstone,-24.26,0.17,0.2,
MT02-334,-5.92,,,,,Mudstone,-24.28,0.13,0.2,
MT02-333,-6.12,3,43,51,3,Mudstone,-24.08,0.11,0.2,
MT02-332,-6.32,,,,,Mudstone,-24.37,0.14,0.2,
MT02-331,-6.52,,,,,Mudstone,-24.24,0.05,0.2,
MT02-330,-6.72,,,,,Mudstone,-23.96,< 0.01,0.3,
MT02-329,-6.92,,,,,Mudstone,-24.47,0.15,0.1,
MT02-328,-7.12,,,,,Mudstone,-23.96,0.11,0.1,
MT02-327,-7.32,,,,,Mudstone,-23.89,0.05,0.3,
MT02-326,-7.47,2,64,25,8,Siltstone,-24.79,0.05,0.2,
MT02-325,-7.69,,,,,Mudstone,-24.51,0.08,1.6,
MT02-324,-7.89,,,,,Mudstone,-24.78,0.06,1.6,
MT02-323,-8.09,7,38,51,4,Mudstone,-24.86,0.08,2,
MT02-322,-8.29,,,,,Mudstone,-24.98,0.08,2.4,
MT02-321,-8.49,,,,,Mudstone,-24.47,0.1,2.8,
MT02-320,-8.69,,,,,Mudstone,-24.38,0.1,0.4,
MT02-319,-8.89,,,,,Mudstone,-24.45,0.09,0.5,
MT02-318,-9.09,,,,,Mudstone,-24.14,0.07,0.4,
MT02-317,-9.29,,,,,Mudstone,-24.18,0.07,0.4,
MT02-316,-9.49,,,,,Mudstone,-25.12,0.04,0.5,
MT02-315,-9.71,,,,,Mudstone,-24.55,0.04,0.7,
MT02-314,-9.91,,,,,Mudstone,-24.48,0.05,0.5,
MT02-313,-10.11,5,55,39,0,Mudstone,-24.49,0.09,0.6,
MT02-312,-10.31,,,,,Mudstone,-23.92,0.15,0.2,
MT02-311,-10.51,,,,,Mudstone,-23.97,0.08,0.2,
MT02-310,-10.71,32,61,4,3,Siltstone,-24.41,0.09,0.1,
MT02-309,-10.91,,,,,Mudstone,-24.42,0.07,0.1,
MT02-308,-11.11,,,,,Mudstone,-24.2,0.04,0.3,
MT02-307,-11.31,,,,,Mudstone,-24.92,0.05,0.6,
MT02-306,-11.51,,,,,Mudstone,-24.87,0.01,0.9,
MT02-305,-11.71,,,,,Mudstone,-24.68,0.03,0.8,
MT02-304,-11.91,,,,,Siltstone,-24.34,0.11,0.1,
MT02-303,-12.11,,,,,Siltstone,-24.69,0.15,0.1,
MT02-302,-12.41,,,,,Siltstone,-24.21,0.01,0.2,
MT02-301,-12.61,,,,,Siltstone,-24.58,0.1,0.2,
MT02-300,-12.81,,,,,Siltstone,-24.93,0.06,0.1,
MT02-299,-13.01,,,,,Siltstone,-24.44,0.05,0.2,
MT02-298,-13.21,,,,,Siltstone,-24.42,0.05,0.3,
MT02-297,-13.41,,,,,Siltstone,-23.99,0.14,0.2,
MT02-296,-13.61,,,,,Siltstone,-24.41,0.07,0.3,
MT02-295,-13.81,,,,,Siltstone,-24.06,0.07,0.3,
MT02-294,-14.01,,,,,Siltstone,-24.23,0.03,0.3,
MT02-293,-14.21,,,,,Sandstone,-24.87,0.1,0.1,
MT02-292,-14.41,,,,,Sandstone,-24.82,0.03,0.1,
MT02-291,-14.61,,,,,Sandstone,-24.47,0.14,0.3,
MT02-290,-14.81,16,75,7,2,Sandstone,-25.58,0.04,0.1,
MT02-289,-15.05,,,,,Sandstone,-24.36,0.07,0.2,
MT02-288,-15.24,,,,,Sandstone,-24.34,0.02,0.4,
MT02-287,-15.44,,,,,Sandstone,-24.67,0.02,0.1,
MT02-286,-15.64,,,,,Sandstone,-25.1,0.19,0.1,
MT02-285,-15.94,,,,,Mudstone,-24.36,0.12,0.1,
MT02-284,-16.14,6,18,53,24,Mudstone,-24.15,0.07,0.1,
MT02-283,-16.92,3,56,38,4,Sandstone,-23.94,0.01,0.1,
MT02-282,-19.14,,,,,Mudstone,-24.11,0.53,0,
MT02-281,-19.34,,,,,Mudstone,-24.12,0.12,0.1,
MT02-280,-19.54,,,,,Mudstone,-24.16,0.15,0.1,
MT02-279,-19.74,,,,,Mudstone,-23.86,0.1,0.1,
MT02-278,-19.94,,,,,Mudstone,-23.8,0.11,0.1,
MT02-277,-20.14,4,27,50,20,Siltstone,-23.97,0.13,0.1,
MT02-276,-20.36,,,,,Siltstone,-24,0.13,0.1,
MT02-275,-20.56,,,,,Siltstone,-24.23,0.07,0.2,
MT02-274,-20.76,,,,,Siltstone,-24.02,0.12,0.3,
MT02-273,-20.96,,,,,Siltstone,-24.21,0.02,0.2,
MT02-272,-21.16,,,,,Siltstone,-24.51,0.03,0.2,
MT02-271,-21.36,,,,,Sandstone,-24.19,0.04,0.2,
MT02-270,-21.56,,,,,Sandstone,-24.2,0.07,0.3,
MT02-269,-21.76,,,,,Sandstone,-24.45,0.07,0.4,
MT02-267,-22.16,0,63,23,15,Sandstone,-24.53,0.04,0.4,
MT02-266,-22.36,,,,,Sandstone,-24.76,0.04,0.5,
MT02-265,-22.56,,,,,Sandstone,-24.78,0.01,0.4,
MT02-264,-22.76,,,,,Sandstone,-24.5,0.06,0.3,
MT02-263,-23.53,64,29,1,6,Sandstone,-25.62,0.19,0.1,
MT02-262,-24.38,22,64,12,3,Sandstone,-24.56,0.06,0.2,
MT02-261,-24.57,,,,,Sandstone,-24.48,0.04,0.5,
MT02-260,-24.77,25,56,8,11,Sandstone,-24.62,0.18,0.2,
MT02-259,-24.97,,,,,Sandstone,-24.51,0.18,0.5,
MT02-258,-25.79,,,,,Sandstone,-24.64,0.11,0.1,
MT02-257,-26.79,,,,,Sandstone,-24.71,0.08,0.1,
MT02-256,-27.79,48,35,9,9,Sandstone,-25.51,0.01,0.1,
MT02-255,-28.79,,,,,Sandstone,-24.86,< 0.01,0.1,
MT02-254,-29.78,,,,,Sandstone,-25.27,0.09,0.1,
MT02-253,-30.94,5,35,58,3,Mudstone,-24.62,0.09,0.2,
MT02-252,-31.14,,,,,Mudstone,-24.28,0.15,0.2,
MT02-251,-31.34,0,30,70,0,Mudstone,-24.19,0.06,0.3,
MT02-250,-31.54,,,,,Mudstone,-24.69,0.03,0.3,
MT02-249,-31.75,,,,,Mudstone,-25.72,0.03,1,
MT02-248,-31.95,,,,,Mudstone,-24.5,0.08,0.2,
MT02-247,-32.15,,,,,Mudstone,-24.52,0.1,0.2,
MT02-246,-32.35,0,53,29,18,Mudstone,-24.66,0.08,0.2,
MT02-245,-32.55,,,,,Mudstone,-24.45,0.04,0.3,
MT02-244,-32.75,,,,,Mudstone,-24.44,0.05,0.3,
MT02-243,-32.95,,,,,Mudstone,-24.39,0.02,0.4,
MT02-242,-33.15,,,,,Mudstone,-24.49,0.06,0.4,
MT02-241,-34.06,,,,,Siltstone,-23.98,0.15,0.1,
MT02-240,-34.26,,,,,Siltstone,-23.53,0.12,0.1,
MT02-239,-34.46,,,,,Siltstone,-22.13,0.07,0.1,
MT02-238,-34.66,,,,,Siltstone,-24.19,0.12,0.1,
MT02-237,-34.86,0,41,24,34,Siltstone,-23.58,0.12,0.1,
MT02-236,-35.06,,,,,Siltstone,-23.42,0.16,0.1,
MT02-235,-35.26,,,,,Siltstone,-22.49,0.06,0,
MT02-234,-35.46,,,,,Mudstone,-24,0.16,0.1,
MT02-233,-35.66,,,,,Mudstone,-24.01,0.05,0.1,
MT02-232,-35.85,15,47,24,15,Mudstone,-24.28,0.17,0.2,
MT02-231,-36.09,0,52,48,0,Mudstone,-24.44,0.05,0.3,
MT02-230,-36.29,4,39,57,0,Mudstone,-26.35,0.03,1,Neg2
MT02-229,-36.46,0,37,51,12,Mudstone,-26.07,0.03,2.2,
MT02-228,-36.65,0,3,97,0,Mudstone,-24.4,0.13,0.1,
MT02-227,-36.93,,,,,Sandstone,-23.86,0.06,0.1,
MT02-226,-37.13,12,78,3,6,Sandstone,-24.66,0.08,0.1,
MT02-225,-37.33,,,,,Sandstone,-24.64,0.07,0.1,
MT02-224,-37.59,,,,,Paleosol,-24.29,0.18,0.2,
MT02-223,-38.58,,,,,Siltstone,-22.64,0.09,0,
MT02-222,-38.78,21,69,9,0,Siltstone,-22.85,0.02,0,
MT02-221,-38.98,,,,,Siltstone,-21.15,0.16,0.1,Pos1
MT02-220,-39.28,15,35,50,0,Mudstone,-23.75,0.05,0.1,
MT02-219,-39.69,,,,,Siltstone,-23.6,0.1,0.1,
MT02-218,-39.89,,,,,Siltstone,-24.16,0.09,0.1,
MT02-217,-40.09,2,75,23,0,Siltstone,-23.16,0.05,0.1,
MT02-216,-40.29,,,,,Siltstone,-22.21,0.12,0.1,
MT02-215,-40.49,,,,,Siltstone,-23.73,0.15,0.1,
MT02-214,-40.81,55,3,42,0,Mudstone,-25.19,0.04,0.2,
MT02-213,-41.15,4,75,10,11,Sandstone,-24.15,0.08,0.2,
MT02-212,-41.35,,,,,Sandstone,-24.02,0.09,0.1,
MT02-211,-41.57,12,63,9,16,Mudstone,-25.55,0.06,2.1,
MT02-210,-41.85,0,54,42,4,Sandstone,-22.99,0.09,0.1,
MT02-208,-42.25,0,30,61,9,Mudstone,-23.75,0.09,0.2,
MT02-207,-42.45,,,,,Mudstone,-23.98,0.04,0.2,
MT02-206,-42.65,,,,,Mudstone,-24.46,0.01,0.2,
MT02-205,-42.85,,,,,Siltstone,-22.97,0.22,0.1,
MT02-204,-43.05,,,,,Siltstone,-24.54,0.03,0.1,
MT02-203,-43.25,42,53,5,0,Sandstone,-23.7,0.06,0.1,
MT02-202,-43.45,,,,,Sandstone,-22.8,0.15,0.1,
MT02-201,-43.65,,,,,Sandstone,-23.84,0.25,0,
MT02-200,-43.85,,,,,Sandstone,-23.6,0.21,0.1,
MT02-199,-43.95,,,,,Mudstone,-23.75,0.07,0.1,
MT02-198,-44.21,6,42,33,19,Mudstone,-24.32,0.06,0.3,
MT02-197,-44.47,,,,,Mudstone,-23.7,0.05,0.1,
MT02-196,-44.67,9,42,33,16,Mudstone,-23.84,0.25,0.1,
MT02-195,-44.87,,,,,Mudstone,-23.6,0.27,0.1,
MT02-194,-45.07,,,,,Mudstone,-23.79,0.2,0.1,
MT02-193,-45.41,7,65,20,8,Mudstone,-23.85,0.1,0.1,
MT02-192,-45.61,,,,,Mudstone,-23.78,0.08,0.1,
MT02-191,-45.81,,,,,Mudstone,-23.27,0.15,0.1,
MT02-190,-46.01,7,51,35,7,Mudstone,-22.95,0.12,0.1,
MT02-189,-46.21,,,,,Mudstone,-22.85,0.12,0.1,
MT02-188,-46.4,,,,,Mudstone,-24.39,0.13,0.2,
MT02-187,-46.51,9,40,24,22,Mudstone,-23.84,0.03,0.1,
MT02-186,-46.71,4,70,20,6,Siltstone,-23.14,0.14,0.1,
MT02-185,-46.91,,,,,Siltstone,-23.75,0.16,0.1,
MT02-162,-56.8,,,,,Mudstone,-26.34,0.04,1.3,Neg3
MT02-161,-56.97,37,43,15,5,Mudstone,-25.09,0.03,0.2,
MT02-160,-57.15,8,33,60,0,Mudstone,-26.59,0.03,3.4,
MT02-159,-57.26,,,,,Mudstone,-25.26,0.04,0.7,
MT02-131,-65.45,3,22,62,14,Mudstone,-27.06,0.01,1.2,Neg4
MT02-115,-69.56,0,30,70,0,Mudstone,-21.87,0.03,0.1,Pos2
MT02-114,-69.76,,,,,Mudstone,-21.27,0.14,0.1,
MT02-113,-69.96,,,,,Mudstone,-22.24,0.1,0.1,
MT02-093,-74.12,,,,,Mudstone,-25.58,0.11,0.9,Neg5
MT02-088,-75.12,2,55,40,3,Mudstone,-22.66,0.13,0.1,Pos3
MT02-087,-75.34,0,55,45,0,Mudstone,-22.12,0.06,0.1,
MT02-086,-75.54,,,,,Mudstone,-22.4,0.04,0.1,
MT02-078,-77.84,,,,,Mudstone,-21.65,0.06,0.1,Pos4
MT02-077,-78.04,,,,,Mudstone,-22.56,0.09,0.1,
MT02-059,-82.16,,,,,Mudstone,-26.58,0.09,0.1,Neg6
MT02-058,-82.36,7,49,39,6,Mudstone,-27.57,0.12,0.1,
MT02-042,-85.16,,,,,Sandstone,-25.39,0.14,0,
MT02-041,-85.37,,,,,Mudstone,-25.69,0.15,0.2,
MT02-040,-85.54,,,,,Sandstone,-24.97,0.15,0.1,
MT02-039,-85.68,,,,,Mudstone,-25.63,0.06,0.3,
MT02-038,-85.75,,,,,Sandstone,-26.18,0.19,0.1,
MT02-037,-85.84,,,,,Mudstone,-25.97,0.08,0.3,
MT02-036,-85.94,,,,,Sandstone,-24.49,0.12,0.1,
MT02-035,-86.04,,,,,Mudstone,-25.69,0.13,0.2,
MT02-034,-86.81,,,,,Sandstone,-24.86,0.11,0.1,
MT02-033,-86.69,,,,,Mudstone,-25.99,0.07,0.2,
MT02-032,-86.9,,,,,Sandstone,-25.03,0.06,0,
MT02-031,-87.13,58,33,9,0,Mudstone,-25.54,0.09,0.1,
MT02-030,-87.22,72,26,2,0,Sandstone,-25.34,0.11,0,
MT02-029,-87.34,,,,,Mudstone,-25.86,0.02,0.1,
MT02-028,-87.42,,,,,Sandstone,-25.49,0.19,0,
MT02-027,-87.65,,,,,Mudstone,-25.89,0.07,0.1,
MT02-026,-87.9,,,,,Sandstone,-25.82,0.2,0.1,
MT02-025,-87.97,,,,,Mudstone,-25.72,0.01,0.1,
MT02-024,-88.04,,,,,Sandstone,-25.15,0.12,0.1,
MT02-023,-88.21,,,,,Mudstone,-25.59,0.15,0.2,
MT02-022,-88.45,,,,,Siltstone,-25.34,0.11,0.2,
MT02-021,-88.49,,,,,Sandstone,-25.2,0.06,0,
MT02-020,-88.61,,,,,Sandstone,-24.82,0.19,0,
MT02-019,-88.74,,,,,Sandstone,-24.74,0.03,0,
MT02-018,-88.91,,,,,Sandstone,-23.91,0.1,0,
MT02-017,-89.08,,,,,Sandstone,-24.55,0.28,0,
MT02-016,-89.26,,,,,Sandstone,-25.48,0.12,0,
MT02-015,-89.42,,,,,Sandstone,-24.84,0.07,0.1,
MT02-014,-89.59,,,,,Sandstone,-24.44,0.09,0,
MT02-013,-89.77,,,,,Sandstone,-24.59,0.09,0,
MT02-012,-89.8,,,,,Sandstone,-24.45,0.01,0,
MT02-011,-89.92,32,57,11,0,Sandstone,-25.22,0.19,0.1,
MT02-010,-90.09,,,,,Sandstone,-24.45,0.18,0,
MT02-009,-90.21,,,,,Sandstone,-24.53,0.07,0,
MT02-008,-90.43,,,,,Sandstone,-24.76,0.09,0,
MT02-007,-90.8,,,,,Sandstone,-24.99,0.02,0.1,
MT02-006,-90.91,,,,,Sandstone,-24.83,0.06,0.2,
MT02-005,-91.11,,,,,Sandstone,-24.95,0.09,0.1,
MT02-004,-91.32,89,11,0,0,Sandstone,-24.74,0.03,0.1,
MT02-003,-91.51,,,,,Sandstone,-23.82,0.05,0.7,
MT02-002,-91.72,,,,,Sandstone,-24.54,0.06,0.1,
MT02-001,-92,87,13,0,0,Sandstone,-24.88,0.09,0.1,
,,,,,,,,,,
Mushroom Butte,,,,,,,,,,
MT98-101,19.58,,,,,,-24.28,,47.7,
MT98-100,18.98,,,,,,-25.29,,50.2,
MT98-098,10.61,,,,,,-24.98,,26.4,
MT98-097,10.52,,,,,,-25.67,,1.6,
MT98-096,8.73,,,,,,-19.63,,0.2,
MT98-095,6.48,,,,,,-25.06,,7.6,
MT98-094,6.28,,,,,,-24.25,,3.8,
MT98-093,5.21,,,,,,-23.92,,46.3,
MT98-092,3.88,,,,,,-24.81,,53.3,
MT98-091,5.21,,,,,,-24.74,,0.6,
MT98-090,3.88,,,,,,-25.1,,1.1,
MT98-089,3.56,,,,,,-23.81,,0.4,
MT98-088,3.07,,,,,,-23.44,,0.4,
MT98-087,3.73,,,,,,-25.26,,2.2,
MT98-086,1.97,,,,,,-25.29,,4.4,
MT98-085,1.88,,,,,,-26.21,,22.9,
MT98-084,1.83,,,,,,-24.16,,0.7,
MT98-081,0.07,,,,,,-24.25,,35.1,
MT98-080,0.01,,,,,,-24.53,,34.5,
MT98-079,-0.01,,,,,,-25.6,,4.6,
MT98-078,-0.21,,,,,,-24.33,,5.5,
MT98-077,-0.23,,,,,,-23.71,0.05,1,
MT98-076,-0.52,,,,,,-23.76,,0.6,
MT98-075,-1.42,,,,,,-23.71,,1.5,
MT98-074,-2.22,,,,,,-24.48,,1.8,
MT98-073,-2.27,,,,,,-25.37,,2,
MT98-072,-2.24,,,,,,-24.31,,5.6,
MT98-070,-3.27,,,,,,-23.87,0.09,1.2,
,,,,,,,,,,
Bone Hollow,,,,,,,,,,
MT97-039,3.5,,,,,,-25.33,,19.6,
MT97-041,2.3,,,,,,-24.62,,63,
MT97-038,1.8,,,,,,-23.92,,34.4,
MT97-040,0,,,,,,-24.36,,1.7,
MT97-037,-1.1,,,,,,-23.71,,1,
MT97-036,-2,,,,,,-24.08,,1,
MT97-035,-2.1,,,,,,-25.4,,9.1,
MT97-035,-2.8,,,,,,-25.38,,9.5,
MT97-034,-3.1,,,,,,-23.84,,0.9,
MT97-033,-3.3,,,,,,-23.9,,1.1,
MT97-032,-4,,,,,,-23.26,,2,
MT97-031,-4.5,,,,,,-23.58,,0.7,
MT97-030,-7.6,,,,,,-23.41,,0.9,
MT97-029,-8.55,,,,,,-24.79,,69.4,
MT97-028,-10.4,,,,,,-23.53,,0.5,
MT97-027,-10.5,,,,,,-24.17,,0.2,
MT97-026,-12,,,,,,-24.19,,0.3,
MT97-026,-16.2,,,,,,-24.09,,0.3,
MT97-025,-16.3,,,,,,-24.76,,1.3,
MT97-024,-16.5,,,,,,-25,,0.9,
MT97-023,-17.2,,,,,,-24.67,,0.5,
MT97-022,-17.8,,,,,,-24.77,,0.4,
MT97-021,-18.3,,,,,,-24.91,,0.6,
MT97-020,-19.15,,,,,,-24.86,,1.1,
MT97-019,-20.15,,,,,,-25.28,,0.8,
MT97-018,-21.15,,,,,,-24.86,,1,
MT97-018,-21.15,,,,,,-24.65,,0.3,
MT97-017,-22.5,,,,,,-25.28,,1.4,
MT97-016,-23,,,,,,-24.96,,0.7,
MT97-015,-24,,,,,,-24.62,,1.6,
MT97-014,-25,,,,,,-24.78,,1.4,
MT97-013,-26,,,,,,-24.48,,1.3,
MT97-012,-26.9,,,,,,-24.25,,0.5,
,,,,,,,,,,
Helen's Leaves,,,,,,,,,,
MT00-176,9.6,,,,,,-23.63,0.05,0.3,
MT00-177,9.3,,,,,,-23.91,0.05,0.3,
MT00-178,9,,,,,,-23.8,0.08,0.4,
MT00-179,8.7,,,,,,-23.91,0.03,0.5,
MT00-180,8.4,,,,,,-24.15,0.08,0.6,
MT00-181,8.1,,,,,,-23.78,0.04,0.4,
MT00-182,7.8,,,,,,-23.86,0.06,0.3,
MT00-183,7.75,,,,,,-23.99,0.11,0.4,
MT00-184,7.7,,,,,,-23.86,0.04,0.4,
MT00-185,7.5,,,,,,-23.84,0.03,0.4,
MT00-186,7.1,,,,,,-23.95,0.11,0.5,
MT00-187,6.8,,,,,,-24.14,0.02,0.4,
MT00-188,6.5,,,,,,-24,0.05,0.3,
MT00-189,6.45,,,,,,-24.08,0.09,0.2,
MT00-190,6.15,,,,,,-24.13,0.12,0.4,
MT00-191,6,,,,,,-24.06,0.03,0.5,
MT00-192,5.8,,,,,,-24.11,0.09,0.4,
MT00-193,5.5,,,,,,-24.36,0.03,0.5,
MT00-194,5.2,,,,,,-24.51,0.07,0.6,
MT00-195,4.9,,,,,,-24.36,0.02,0.5,
MT00-196,4.67,,,,,,-24.22,0.05,0.6,
MT00-197,4.2,,,,,,-24.61,0.03,0.5,
MT00-198,3.9,,,,,,-24.13,0.03,0.5,
MT00-199,3.5,,,,,,-24.2,0.02,0.5,
MT00-200,3.5,,,,,,-24.52,0.03,0.6,
MT00-201,3.45,,,,,,-25.88,0.08,6.4,
MT00-202,3.15,,,,,,-26.96,0.05,36.2,
MT00-203,2.95,,,,,,-24.7,0.09,47.5,
MT00-204,2.66,,,,,,-24.9,0.11,33.7,
MT00-205,2.64,,,,,,-24.87,0.1,2.4,
MT00-206,2.55,,,,,,-24.47,0.04,0.7,
MT00-207,2.25,,,,,,-24.07,0.07,1.1,
MT00-208,1.95,,,,,,-24.08,0.06,0.7,
MT00-209,1.65,,,,,,-24.76,0.06,1,
MT00-210,1.35,,,,,,-25.59,0.09,1.3,
MT00-211,1.05,,,,,,-25.56,0.09,4.3,
MT00-212,0.95,,,,,,-24.08,0.01,39.5,
MT00-213,0.65,,,,,,-24.2,0.05,47.8,
MT00-214,0.35,,,,,,-25.59,0.14,54.4,
MT00-215,0.05,,,,,,-23.7,0.01,56.6,
MT00-175,0.14,,,,,,-23.06,0.11,0.1,
MT00-174,0.1,,,,,,-23.89,0.04,0.2,
MT00-172,0.08,,,,,,-25.48,0.09,0.2,
MT00-172,0.06,,,,,,-25.53,0.07,45.5,
MT00-171,0.04,,,,,,-25.92,0.02,33.5,
MT00-170,0.02,,,,,,-27.6,0.25,45.7,
MT00-169,0,,,,,,-28.59,0.1,27.3,
MT00-168,-0.01,,,,,,-25.32,0.12,3.8,
MT00-167,-0.11,,,,,,-25.65,0.05,4.4,
MT00-166,-0.21,,,,,,-25.57,0.13,2.8,
MT00-165,-0.31,,,,,,-25.08,0.04,3.8,
MT00-164,-0.41,,,,,,-25.31,0.2,2.8,
MT00-163,-0.51,,,,,,-25.53,0.11,2.2,
MT00-162,-0.61,,,,,,-25.22,0.04,2.4,
MT00-161,-0.71,,,,,,-25.52,0.22,2.1,
MT00-160,-0.81,,,,,,-25.04,0.03,2.2,
,,,,,,,,,,
Rick's Place,,,,,,,,,,
MT00-175,0.14,,,,,,-23.06,0.11,0.1,
MT00-174,0.1,,,,,,-23.89,0.04,0.2,
MT00-172,0.08,,,,,,-25.48,0.09,0.2,
MT00-172,0.06,,,,,,-25.53,0.07,45.5,
MT00-171,0.04,,,,,,-25.92,0.02,33.5,
MT00-170,0.02,,,,,,-27.6,0.25,45.7,
MT00-169,0,,,,,,-28.59,0.1,27.3,
MT00-168,-0.01,,,,,,-25.32,0.12,3.8,
MT00-167,-0.11,,,,,,-25.65,0.05,4.4,
MT00-166,-0.21,,,,,,-25.57,0.13,2.8,
MT00-165,-0.31,,,,,,-25.08,0.04,3.8,
MT00-164,-0.41,,,,,,-25.31,0.2,2.8,
MT00-163,-0.51,,,,,,-25.53,0.11,2.2,
MT00-162,-0.61,,,,,,-25.22,0.04,2.4,
MT00-161,-0.71,,,,,,-25.52,0.22,2.1,
MT00-160,-0.81,,,,,,-25.04,0.03,2.2,
,,,,,,,,,,
Smurphy's Guess,,,,,,,,,,
MT00-267,0.25,,,,,,-24.43,0.09,0.1,
MT00-268,0.15,,,,,,-26.09,0.06,0.1,
MT00-269,0,,,,,,-25.53,0.08,0.2,
MT00-270,-0.45,,,,,,-24.45,0.12,0.1,
MT00-271,-0.65,,,,,,-24.02,0.07,0.1,
MT00-272,-0.85,,,,,,-24.15,0.1,0.1,
MT00-273,-1.15,,,,,,-24.29,0.02,0,
MT00-274,-1.7,,,,,,-24.39,0.05,0,
MT00-275,-2.15,,,,,,-24.45,0.07,0,
MT00-276,-2.45,,,,,,-24.05,0.06,0.1,
MT00-277,-2.75,,,,,,-24.35,0.1,0.1,
MT00-278,-3.05,,,,,,-24.24,0.21,0.1,
MT00-279,-3.35,,,,,,-24.41,0.09,0.1,
MT00-280,-3.65,,,,,,-24.19,0.08,0.1,
MT00-281,-3.95,,,,,,-24.33,0.1,0.1,
MT00-282,-4.25,,,,,,-25.33,0.04,0.1,
MT00-283,-4.75,,,,,,-25.81,0.01,0.1,
MT00-284,-5.05,,,,,,-24.37,0.07,0.3,
MT00-285,-5.35,,,,,,-24.42,0.13,0.2,
MT00-286,-5.55,,,,,,-24.59,0.07,0.1,
MT00-287,-5.85,,,,,,-24.76,0.08,0.2,
MT00-288,-6.15,,,,,,-24.3,0.11,0.1,
MT00-289,-6.55,,,,,,-23.88,0.08,0.1,
MT00-290,-6.85,,,,,,-23.99,0.08,0,
MT00-291,-7.05,,,,,,-24.2,0.11,0,
MT00-292,-7.25,,,,,,-24.24,0.09,0,
MT00-293,-7.55,,,,,,-24.43,0.05,0.2,
MT00-294,-7.75,,,,,,-24.25,0.29,0.2,
MT00-295,-7.95,,,,,,-24.13,0.18,0.3,
MT00-296,-8.55,,,,,,-24.04,0.06,0.2,
MT00-297,-8.85,,,,,,-24.61,0.22,0.2,
MT00-298,-9.15,,,,,,-24.68,0.08,0.3,
MT00-299,-9.45,,,,,,-25.01,0.09,0.7,
MT00-300,-9.65,,,,,,-25.65,0.02,1.3,
MT00-301,-9.85,,,,,,-26.01,0.01,1.2,
MT00-302,-10.15,,,,,,-24.16,0.03,3.7,
MT00-304,-10.35,,,,,,-24.36,0.08,1.3,
MT00-305,-10.65,,,,,,-24.36,0.09,0.4,
MT00-306,-10.95,,,,,,-24.78,0.04,0.4,
MT00-307,-11.35,,,,,,-24.29,0.06,60.5,
MT00-308,-11.65,,,,,,-24.36,0.04,0.3,
MT00-309,-11.95,,,,,,-24.23,0.04,0.1,
MT00-310,-12.25,,,,,,-24.5,0.03,0.2,
MT00-311,-12.55,,,,,,-24.61,0.06,0.4,
MT00-312,-12.85,,,,,,-25.44,0.09,0.8,
MT00-313,-13.15,,,,,,-24.42,0.02,0.4,
MT00-314,-13.25,,,,,,-26.01,0.11,2.5,
MT00-315,-13.55,,,,,,-25.01,0.04,0.6,
MT00-316,-13.85,,,,,,-24.81,0.01,0.4,
MT00-317,-14.15,,,,,,-24.52,0.1,0.2,
MT00-318,-14.35,,,,,,-24.41,0.03,0.2,
MT00-319,-14.55,,,,,,-24.54,0.01,0.3,
MT00-320,-14.85,,,,,,-24.23,0.01,0.3,
MT00-321,-15.15,,,,,,-25.12,0.04,0.9,
MT00-322,-15.45,,,,,,-24.18,0.09,0.3,
MT00-323,-15.75,,,,,,-24.32,0.03,0.3,
MT00-324,-16.05,,,,,,-24.24,0.01,0.3,
MT00-325,-16.35,,,,,,-26.13,0.04,0.5,
MT00-326,-16.65,,,,,,-24.24,0.04,0.2,
MT00-327,-16.95,,,,,,-25.57,0.03,0.5,
MT00-328,-17.25,,,,,,-25.63,0.06,1.3,
MT00-329,-17.55,,,,,,-25.43,0.05,0.9,
,,,,,,,,,,
PDM,,,,,,,,,,
MT00-115,19.54,,,,,,-21.67,0.33,0.2,
MT00-116,19.25,,,,,,-26.01,0.05,0.6,
MT00-117,18.95,,,,,,-24.43,0.07,0.3,
MT00-118,18.65,,,,,,-23.11,0.15,0.1,
MT00-119,18.35,,,,,,-23.39,0.16,0.1,
MT00-120,18.05,,,,,,-22.89,0.07,0.1,
MT00-121,17.75,,,,,,-23.12,0.16,0.1,
MT00-122,17.45,,,,,,-23.31,0.08,0.2,
MT00-123,17.39,,,,,,-23.55,0.05,0.1,
MT00-124,17.2,,,,,,-23.91,0.05,0.1,
MT00-125,17,,,,,,-23.12,0.02,0.2,
MT00-126,16.75,,,,,,-23.81,0.04,0.1,
MT00-127,16.55,,,,,,-23.49,0.13,0.1,
MT00-128,16.13,,,,,,-24.02,0.06,0.1,
MT00-129,15.8,,,,,,-24.02,0.13,0.1,
MT00-130,15.5,,,,,,-24.46,0.11,0.1,
MT00-131,15.2,,,,,,-24.51,0.09,0.1,
MT00-132,14.9,,,,,,-24.22,0.13,0.1,
MT00-133,14.6,,,,,,-24.04,0.06,0.1,
MT00-134,14.3,,,,,,-24.42,0.07,0.1,
MT00-135,14,,,,,,-24.89,0.24,0.1,
MT00-136,13.7,,,,,,-24.37,0.11,1.5,
MT00-137,13.6,,,,,,-24.89,0.09,0.5,
MT00-138,13.3,,,,,,-24.54,0.04,0.2,
MT00-139,13,,,,,,-24.94,0.29,0.2,
MT00-140,12.7,,,,,,-25.32,0.05,0.3,
MT00-141,12.4,,,,,,-25.64,0.03,0.6,
MT00-142,12.23,,,,,,-26.64,0.07,0.9,
MT00-143,11.9,,,,,,-26.61,0.05,0.7,
MT00-146,11.6,,,,,,-26.95,0.05,0.6,
MT00-147,11.3,,,,,,-27.89,0.04,0.8,
MT00-148,11,,,,,,-27.07,0.05,0.5,
MT00-149,10.8,,,,,,-27.48,0.05,0.5,
MT00-150,10.6,,,,,,-24.2,0.23,0.1,
MT00-151,10.3,,,,,,-24.97,0.07,0.3,
MT00-152,8.8,,,,,,-24.95,0.08,0.2,
MT00-153,8.5,,,,,,-25.27,0.18,0.2,
MT00-154,8,,,,,,-24.09,0.11,0.1,
MT00-155,4.5,,,,,,-25.02,0.06,0.3,
MT00-156,4.2,,,,,,-24.92,0.09,0.2,
MT00-157,3.9,,,,,,-25.4,0.07,0.2,
MT00-158,3.6,,,,,,-25.5,0.07,0.2,
MT00-159,3.3,,,,,,-24.76,0.04,0.2,
,,,,,,,,,,
,,,,,,,,,,
Fisk II,,,,,,,,,,
MT00-001,14.4,,,,,,-23.72,0.15,0.1,
MT00-002,14.1,,,,,,-23.87,0.33,0.1,
MT00-003,13.8,,,,,,-23.78,0.09,0.1,
MT00-005,13.5,,,,,,-23.84,0.09,0.1,
MT00-006,13.2,,,,,,-23.3,0.05,0.1,
MT00-007,12.9,,,,,,-24.21,0.19,0.2,
MT00-008,12.6,,,,,,-23.81,0.14,0.1,
MT00-009,12.3,,,,,,-23.7,0.12,0.1,
MT00-010,12,,,,,,-24.19,0.04,0.1,
MT00-011,11.7,,,,,,-24.18,0.08,0.1,
MT00-012,11.4,,,,,,-23.65,0.22,0.1,
MT00-013,11.1,,,,,,-23.78,0.15,0.1,
MT00-014,10.8,,,,,,-23.76,0.1,0.1,
MT00-015,10.5,,,,,,-24.16,0.14,0.1,
MT00-016,10.1,,,,,,-23.74,0.11,0.1,
MT00-017,9.8,,,,,,-23.34,0.06,0.2,
MT00-018,9.4,,,,,,-24.37,0.09,0.2,
MT00-019,9,,,,,,-24.08,0.04,0.1,
MT00-020,8.6,,,,,,-24.47,0.2,0.2,
MT00-021,8.3,,,,,,-24.22,0.07,0.1,
MT00-022,8,,,,,,-22.92,0.07,0.2,
MT00-023,7.7,,,,,,-23.86,0.04,0.2,
MT00-024,7.48,,,,,,-21.95,0.31,0.2,
MT00-025,4.3,,,,,,-23.41,0.09,0.2,
MT00-026,2.75,,,,,,-25.96,0.04,0.2,
MT00-027,2.45,,,,,,-25.98,0.06,0.4,
MT00-028,1.95,,,,,,-25.7,0.04,1.2,
MT00-029,1.7,,,,,,-24.49,0.06,0.8,
MT00-030,1.4,,,,,,-26.3,0.01,1.9,
MT00-031,1.1,,,,,,-26.92,0.12,1.2,
MT00-032,0.8,,,,,,-26.93,0.02,1,
MT00-033,0.5,,,,,,-26.5,0.05,0.3,
MT00-034,0.2,,,,,,-23.54,0.17,0.1,
MT00-035,0,,,,,,-24.64,0.18,0.2,
,,,,,,,,,,
Fisk III,,,,,,,,,,
MT00-036,29.1,,,,,,-26.34,0.05,1,
MT00-037,28.75,,,,,,-24.08,0.23,0.1,
MT00-038,28.5,,,,,,-24.3,0.08,0.1,
MT00-039,28.2,,,,,,-24.38,0.09,0.1,
MT00-040,28,,,,,,-24.48,0.26,0.1,
MT00-041,27.7,,,,,,-24.67,0.11,0.1,
MT00-042,27.4,,,,,,-25.48,0.06,0.1,
MT00-043,27.1,,,,,,-25.63,0.18,0.1,
MT00-044,26.9,,,,,,-23.94,0.05,0.1,
MT00-045,26.8,,,,,,-23.58,0.32,0.1,
MT00-046,26.6,,,,,,-24.8,0.26,0.1,
MT00-047,26.3,,,,,,-24.99,0.07,0.1,
MT00-048,26,,,,,,-24.54,0.06,0.2,
MT00-049,25.6,,,,,,-24.39,0.06,0.2,
MT00-050,25.5,,,,,,-24.51,0.02,0.2,
MT00-051,25,,,,,,-24.54,0.06,0.2,
MT00-052,24.75,,,,,,-24.22,0.06,0.2,
MT00-053,24.5,,,,,,-23.77,0.21,0.1,
MT00-054,24.3,,,,,,-24.62,0.3,0.1,
MT00-055,24,,,,,,-23.9,0.35,0.1,
MT00-056,23.7,,,,,,-23.84,0.14,0.1,
MT00-057,23.4,,,,,,-24.29,0.22,0.1,
MT00-058,23.1,,,,,,-24.05,0.29,0.1,
MT00-059,22.8,,,,,,-23.65,0.29,0,
MT00-060,22.5,,,,,,-23.52,0.14,0,
MT00-061,22.2,,,,,,-23.21,0.17,0.1,
MT00-062,21.65,,,,,,-23.25,0.11,0.1,
MT00-063,21.45,,,,,,-23.23,0.19,0.1,
MT00-064,21.35,,,,,,-24.35,0.19,0.1,
MT00-065,21.2,,,,,,-22.83,0.02,0.1,
MT00-066,21.1,,,,,,-23,0.12,0,
MT00-067,20.8,,,,,,-23.69,0.12,0.1,
MT00-068,20.5,,,,,,-24.02,0.16,0,
MT00-069,20.2,,,,,,-23.54,0.27,0,
MT00-070,19.9,,,,,,-23.31,0.06,0.1,
MT00-071,19.45,,,,,,-24.86,0.01,0.3,
MT00-072,19.25,,,,,,-24.57,0.14,0.3,
MT00-073,19.2,,,,,,-25.01,0.05,0.5,
MT00-074,18.95,,,,,,-24.82,0.11,0.3,
MT00-075,18.65,,,,,,-24.5,0.31,0.3,
MT00-076,18.35,,,,,,-24.68,0.12,0.3,
MT00-077,18.05,,,,,,-25.21,0.06,0.6,
MT00-078,17.75,,,,,,-25.09,0.06,0.4,
MT00-080,17.55,,,,,,-26.71,0.08,1.1,
MT00-081,17.25,,,,,,-25.98,0.09,4.5,
MT00-082,16.95,,,,,,-25.65,0.04,1.2,
MT00-083,16.65,,,,,,-25.96,0.08,1.7,
MT00-084,16.35,,,,,,-26.67,0.04,3.2,
MT00-085,15.95,,,,,,-26.12,0.17,1,
MT00-086,15.65,,,,,,-24.81,0.31,0.2,
MT00-087,15.3,,,,,,-23.42,0.18,0.1,
MT00-088,15,,,,,,-24.26,0.23,0.1,
MT00-089,14.7,,,,,,-24.4,0.16,0.1,
MT00-090,14.4,,,,,,-24.33,0.07,0.1,
MT00-091,14,,,,,,-24.47,0.03,0.2,
MT00-092,13.65,,,,,,-24.87,0.13,0.1,
MT00-093,13.35,,,,,,-24.24,0.05,0.1,
MT00-094,12.7,,,,,,-24.23,0.02,0.1,
MT00-095,12.3,,,,,,-24.02,0.15,0.1,
MT00-096,12,,,,,,-24.23,0.03,0.1,
MT00-097,11.65,,,,,,-24.14,0.22,0.2,
MT00-098,11.2,,,,,,-24.5,0.21,0.1,
MT00-099,10.9,,,,,,-24.58,0.16,0.1,
MT00-100,10.6,,,,,,-25.38,0.14,0.1,
MT00-101,10.35,,,,,,-24.94,0.01,0.3,
MT00-102,7.4,,,,,,-24.18,0.2,0.1,
MT00-103,7.1,,,,,,-24.23,0.11,0.1,
MT00-104,6.8,,,,,,-24.2,0.21,0.1,
MT00-105,0.6,,,,,,-25.64,0.06,0.3,
,,,,,,,,,,
Celeste's Metasequoia,,,,,,,,,,
MT00-106,12.2,,,,,,-25.28,0.14,1.3,
MT00-107,12,,,,,,-24.39,0.09,0.4,
MT00-108,11.6,,,,,,-23.49,0.07,0.3,
MT00-109,11.4,,,,,,-23.31,0.14,0.1,
MT00-110,11.2,,,,,,-23.56,0.11,0.1,
MT00-111,11,,,,,,-23.22,0.22,0.1,
MT00-112,10.8,,,,,,-23.26,0.04,0.1,
MT00-113,10.6,,,,,,-23.01,0.07,0.1,
MT00-114,10.3,,,,,,-23.56,0.03,0.1,
MT00-236,7.39,,,,,,-25.39,0.03,0.7,
MT00-237,7.15,,,,,,-24,0.16,0.1,
MT00-238,7,,,,,,-23.9,0.13,0.1,
MT00-239,6.75,,,,,,-24.17,0.13,0.1,
MT00-240,6.5,,,,,,-24.31,0.14,0.1,
MT00-241,6.25,,,,,,-24.59,0.12,0.3,
MT00-242,6,,,,,,-23.95,0.1,0.1,
MT00-243,5.8,,,,,,-25.67,0.28,0.5,
MT00-244,5.6,,,,,,-25.28,0.02,1.7,
MT00-245,5.45,,,,,,-24.29,0.22,0.1,
MT00-246,5.25,,,,,,-24.27,0.06,0.1,
MT00-247,4.95,,,,,,-24.11,0.11,0.1,
MT00-248,4.65,,,,,,-25.31,0.03,0.4,
MT00-249,4.35,,,,,,-25.36,0.05,0.4,
MT00-250,4.29,,,,,,-24.95,0.07,0.2,
MT00-251,4.1,,,,,,-25.53,0.06,0.3,
MT00-252,3.9,,,,,,-26.12,0.03,0.6,
MT00-253,3.7,,,,,,-25.49,0.02,0.5,
MT00-254,3.5,,,,,,-26.03,0.04,1.1,
MT00-255,3.3,,,,,,-26.12,0.05,1.1,
MT00-256,3,,,,,,-24.59,0.03,0.3,
MT00-257,2.55,,,,,,-24.38,0.09,0.2,
MT00-258,2.45,,,,,,-24.33,0.08,0.1,
MT00-259,2.2,,,,,,-24.29,0.09,0.1,
MT00-260,2,,,,,,-24.55,0.08,0.1,
MT00-261,1.7,,,,,,-24.68,0.17,0.1,
MT00-262,1.4,,,,,,-24.7,0.22,0.1,
MT00-263,1.2,,,,,,-24.83,0.1,0.2,
MT00-264,0.7,,,,,,-24.87,0.03,0.3,
MT00-265,0.35,,,,,,-27.78,0.02,1.1,
MT00-266,0.1,,,,,,-26.88,0.14,3.1,
,,,,,,,,,,
Constenius,,,,,,,,,,
MT98-173,0.27,,,,,,-23.99,,3.6,
MT98-172,0.2,,,,,,-25.02,,52.4,
MT98-171,0,,,,,,-23.61,,45.8,
MT98-170,-0.02,,,,,,-24.01,,2.8,
MT98-170,-0.02,,,,,,-23.91,,3.4,
MT98-169,-0.2,,,,,,-23.13,,1.7,
MT98-163,-5.32,,,,,,-24.24,,0.5,
MT98-162,-5.34,,,,,,-26.13,,8.7,
MT98-161,-5.4,,,,,,-25.64,,3,
MT98-160,-5.43,,,,,,-25.06,,1,
MT98-159,-5.47,,,,,,-24.89,,0.8,
MT98-158,-5.6,,,,,,-24.79,,0.9,
MT98-157,-6.8,,,,,,-23.89,,0.7,
MT98-156,-6.89,,,,,,-25.06,,8,
MT98-156,-6.89,,,,,,-25.15,,6.8,
MT98-156,-6.89,,,,,,-25.04,,7.9,
MT98-155,-6.99,,,,,,-24.14,,36.9,
MT98-154,-7.05,,,,,,-23.53,,0.2,
MT98-153,-7.47,,,,,,-24.03,,0.1,
MT98-152,-8.54,,,,,,-24.89,,0.5,
MT98-151,-8.66,,,,,,-24.97,,1,
MT98-150,-9.11,,,,,,-23.58,,0.1,
MT98-149,-9.63,,,,,,-23.06,,7.7,
MT98-148,-9.66,,,,,,-24.99,,29.2,
MT98-147,-9.69,,,,,,-25.07,,39,
MT98-146,-9.72,,,,,,-24.99,,43,
MT98-145,-9.76,,,,,,-24.39,,1.7,
MT98-144,-9.87,,,,,,-24.96,,2.2,
MT98-143,-9.91,,,,,,-24.01,,0.2,
MT98-142,-10.71,,,,,,-24.21,,0.3,
,,,,,,,,,,
Wild Horse Basin,,,,,,,,,,
MT98-138,0.25,,,,,,-24.062,,52.4,
MT98-140,-0.22,,,,,,-23.872,,0.4,
MT98-137,-1.39,,,,,,-24.026,,21.7,
MT98-136,-2.3,,,,,,-23.496,,0.3,
MT98-135,-3.22,,,,,,-23.57,,0.4,
MT98-134,-4.22,,,,,,-23.896,,0.4,
MT98-133,-5.22,,,,,,-23.77,,0.3,
MT98-139,-6.3,,,,,,-23.937,,32.7,
MT98-132,-7.55,,,,,,-23.75,,34.7,
MT98-131,-7.62,,,,,,-24.153,,0.9,
MT98-130,-7.67,,,,,,-24.365,,4.8,
MT98-129,-7.74,,,,,,-24.563,,1.2,
MT98-128,-7.88,,,,,,-24.392,,1.4,
MT98-127,-8.47,,,,,,-24.186,,0.9,
MT98-126,-8.63,,,,,,-24.818,,1.5,
MT98-125,-8.76,,,,,,-24.909,,4.8,
MT98-124,-8.83,,,,,,-23.934,,0.6,
MT98-124,-8.83,,,,,,-24.289,,0.6,
MT98-123,-9.9,,,,,,-23.809,,0.1,
MT98-122,-12.77,,,,,,-24.412,,12.6,
MT98-121,-12.82,,,,,,-23.276,,1,
MT98-120,-13.5,,,,,,-23.458,,0.7,
MT98-119,-14.5,,,,,,-24.352,,2,
MT98-118,-14.52,,,,,,-25.583,,6.7,
MT98-117,-14.8,,,,,,-24.744,,1.9,
MT98-116,-14.99,,,,,,-24.246,,51.3,
MT98-116,-14.99,,,,,,-24.309,,51.7,
MT98-114,-15.06,,,,,,-25.408,,1.1,
MT98-115,-15.14,,,,,,-23.05,,38.6,
MT98-115,-15.14,,,,,,-22.95,,38,
MT98-115,-15.14,,,,,,-23.191,,32.8,
MT98-109,-15.14,,,,,,-24.363,,6.6,
MT98-113,-15.35,,,,,,-23.297,,3.6,
MT98-112,-15.58,,,,,,-24.466,,7.6,
MT98-112,-15.58,,,,,,-24.247,,4.8,
MT98-111,-15.66,,,,,,-23.619,,38,
MT98-111,-15.66,,,,,,-23.707,,34.6,
MT98-110,-15.75,,,,,,-23.941,,1.3,
MT98-108,-18,,,,,,-25.258,,1.3,
MT98-107,-18.26,,,,,,-23.773,,0.2,
MT98-105,-20.07,,,,,,-25.009,,1.5,
MT98-103,-20.6,,,,,,-23.704,,0.4,
MT98-102,-22.03,,,,,,-24.715,,1.1,
,,,,,,,,,,
Z-Line,,,,,,,,,,
MT98-192,0.69,,,,,,-24.22,,53.6,
MT98-191,0.53,,,,,,-24.2,,28.8,
MT98-190,0.33,,,,,,-24.41,,48,
MT98-189,0.13,,,,,,-24.55,,53,
MT98-188,0,,,,,,-24.9,,27.7,
MT98-186,-0.67,,,,,,-23.17,,0.3,
MT98-185,-2.17,,,,,,-23.57,,0.3,
MT98-184,-2.32,,,,,,-23.58,,2,
MT98-182,-3.67,,,,,,-24.66,,38.1,
MT98-181,-3.69,,,,,,-24.27,,0.6,
MT98-180b,-4.17,,,,,,-23.67,,0.1,
MT98-180a,-4.67,,,,,,-23.69,,0.1,
MT98-179,-5.17,,,,,,-23.89,,0.2,
MT98-178,-5.58,,,,,,-24.29,,0.3,
MT98-176,-6.09,,,,,,-23.76,,0.3,
MT98-175,-6.27,,,,,,-23.69,,0.4,
MT98-193,-8.22,,,,,,-24.67,,2.3,
