KEY,d13C _Sample,Formation,Std_Fm_Name,Location,Lat,Long,Age,Uncertainty,Known_Uncertainty,Lithology,HC_Ratio,N,Reference,Flags,Notes,Uncertainty_Method
1,17208,Rodda Beds,"Rodda Beds, Ungoolya Gp",Australia,-23.7,134.1,610,31,,,0.75,5,Strauss 1992 3.2.3,,,
2,17209,Pertatatala Formation,Pertatataka Fm,Australia,-23.7,134.1,610,31,,,0.7,16,Strauss 1992 3.2.3,,,
3,17210,Svalbard (Vendian),Unnamed Svalbard (Vendian),Svalbard,78.9,18.3,700,35,,,0.4,6,Strauss 1992 3.2.3,X,<0.4,
4,17211,Tapley Hill Formation,"Tapley Hill Fm, Umberatana Gp",Australia,-23.7,134.1,750,38,,,0.7,1,Strauss 1992 3.2.3,,,
5,17212,Areyonga Formation,"Areyonga Fm, Amadeus Basin",Australia,-23.7,134.1,760,38,,,0.8,1,Strauss 1992 3.2.3,,,
6,17213,Visingso Group,Visingso Gp,Sweden,63.3,16.6,775,39,,,0.625,8,Strauss 1992 3.2.3,,,
7,17214,Chuar Group,Chuar Gp,USA,40.7,-96.2,850,43,,,0.75,2,Strauss 1992 3.2.3,,,
8,17215,Bitter Springs Formation,Bitter Springs Fm,Australia,-23.7,134.1,850,43,,,0.55,20,Strauss 1992 3.2.3,,,
9,17216,Victor Bay Formation,Victor Bay Fm,Canada,59.6,-103.1,1000,50,,,0.45,5,Strauss 1992 3.2.3,,,
10,17217,Nonesuch Formation,Nonesuch Shale,USA,40.7,-96.2,1055,53,,,0.7,6,Strauss 1992 3.2.3,,,
11,17218,McMinn Formation,"McMinn Fm, Roper Gp",Australia,-23.7,134.1,1340,67,,,0.95,23,Strauss 1992 3.2.3,,,
12,17219,Velkerri Formation,"Velkerri Fm, Roper Gp",Australia,-23.7,134.1,1350,68,,,1.15,23,Strauss 1992 3.2.3,,,
13,17220,Lansen Creek Shale,Lansen Creek Shale Mbr,Australia,-23.7,134.1,1350,68,,,0.975,17,Strauss 1992 3.2.3,,,
14,17221,Corcoran Formation,Corcoran Fm,Australia,-23.7,134.1,1360,68,,,0.7,1,Strauss 1992 3.2.3,,,
15,17222,Mainoru Formation,"Mainoru Fm, Roper Gp",Australia,-23.7,134.1,1470,74,,,0.55,2,Strauss 1992 3.2.3,,,
16,17223,Balbarini Dolomite,"Balbirini Dolomite, Nathan Gp",Australia,-23.7,134.1,1482,74,,,1,1,Strauss 1992 3.2.3,,,
17,17224,Yalco Formation,"Yalco Fm, McArthur Gp",Australia,-23.7,134.1,1485,74,,,1.3,2,Strauss 1992 3.2.3,,,
18,17225,Lynott-Carabirini Member,"Lynott Fm, McArthur Gp",Australia,-23.7,134.1,1490,75,,,0.6,7,Strauss 1992 3.2.3,,,
19,17226,Lynott-Donnegan Member,"Lynott Fm, McArthur Gp",Australia,-23.7,134.1,1490,75,,,0.5,2,Strauss 1992 3.2.3,X,<0.5,
20,17227,Lynott-Hot Spring Member,"Lynott Fm, McArthur Gp",Australia,-23.7,134.1,1490,75,,,0.75,6,Strauss 1992 3.2.3,,,
21,17228,Reward Dolomite,"Reward Fm, McArthur Gp",Australia,-23.7,134.1,1495,75,,,0.575,11,Strauss 1992 3.2.3,,,
22,17229,Barney Creek Formation,"Barney Creek Fm, McArthur Gp",Australia,-23.7,134.1,1500,75,,,0.925,15,Strauss 1992 3.2.3,,,
23,17230,Teena Dolomite,"Teena Fm, McArthur Gp",Australia,-23.7,134.1,1510,76,,,0.5,1,Strauss 1992 3.2.3,,,
24,17231,Wooccalla Dolomite,Woocalla Fm,Australia,-23.7,134.1,750,38,,,0.45,2,Strauss 1992 3.2.6,,,
25,17232,Chuar Group,Chuar Gp,USA,40.7,-96.2,850,43,,,0.65,8,Strauss 1992 3.2.6,,,
26,17233,McMinn Formation,"McMinn Fm, Roper Gp",Australia,-23.7,134.1,1340,67,,,1,3,Strauss 1992 3.2.6,,,
27,17234,Barney Creek Formation,"Barney Creek Fm, McArthur Gp",Australia,-23.7,134.1,1500,75,,,0.45,1,Strauss 1992 3.2.6,,,
28,17175,Wonoka Formation,Wonoka Fm,Australia,-23.7,134.1,585,29,,,0.47,1,Strauss 1992 3.2.2,,,
29,17176,Pertatataka Formation,Pertatataka Fm,Australia,-23.7,134.1,610,31,,,0.66,1,Strauss 1992 3.2.2,,,
30,17177,Brachina Formation,Brachina Fm,Australia,-23.7,134.1,650,33,,,0.11,3,Strauss 1992 3.2.2,,,
31,17178,Umberatana Formation,Umberatana Gp,Australia,-23.7,134.1,675,34,,,0.49,1,Strauss 1992 3.2.2,,,
32,17179,Tapley Hill Formation,"Tapley Hill Fm, Umberatana Gp",Australia,-23.7,134.1,750,38,,,0.13,31,Strauss 1992 3.2.2,,,
33,17180,Skillogalee Dolomite,Skillogalee Dolomite,Australia,-23.7,134.1,770,39,,,0.22,11,Strauss 1992 3.2.2,,,
34,17181,Rhynie Formation,Rhynie Sandstone,Scotland,56.7,-4,785,39,,,0.85,1,Strauss 1992 3.2.2,,,
35,17182,Burra Group,Burra Gp,Australia,-23.7,134.1,800,40,,,0.17,1,Strauss 1992 3.2.2,,,
36,17183,"Black Mudstone, Utah","Black Mudstone, Utah",USA,40.7,-96.2,830,42,,,0.1,1,Strauss 1992 3.2.2,,,
37,17184,Bitter Springs Formation,Bitter Springs Fm,Australia,-23.7,134.1,850,43,,,0.46,6,Strauss 1992 3.2.2,,,
38,17185,Nonesuch Formation,Nonesuch Shale,USA,40.7,-96.2,1055,53,,,0.5,1,Strauss 1992 3.2.2,,,
39,17186,McMinn Formation,"McMinn Fm, Roper Gp",Australia,-23.7,134.1,1340,67,,,0.7,10,Strauss 1992 3.2.2,,,
40,17187,Lansen Creek Shale,Lansen Creek Shale Mbr,Australia,-23.7,134.1,1350,68,,,0.93,4,Strauss 1992 3.2.2,,,
41,17188,Velkerri Formation,"Velkerri Fm, Roper Gp",Australia,-23.7,134.1,1350,68,,,0.81,7,Strauss 1992 3.2.2,,,
42,17189,Bungle Bungle Dolomite,Bungle Bungle Dolomite,Australia,-23.7,134.1,1364,68,,,0.39,5,Strauss 1992 3.2.2,,,
43,17190,Yalco Formation,"Yalco Fm, McArthur Gp",Australia,-23.7,134.1,1485,74,,,0.99,6,Strauss 1992 3.2.2,,,
44,17191,Lynott Formation,"Lynott Fm, McArthur Gp",Australia,-23.7,134.1,1490,75,,,0.94,1,Strauss 1992 3.2.2,,,
45,17192,Marimo Slate,Marimo Slate,Australia,-23.7,134.1,1500,75,,,0.05,1,Strauss 1992 3.2.2,,,
46,17193,Balbirini Dolomite,"Balbirini Dolomite, Nathan Gp",Australia,-23.7,134.1,1500,75,,,0.99,1,Strauss 1992 3.2.2,,,
47,17194,HYC Pyritic Shale,"HYC Pyritic Shale Mbr, McArthur Gp",Australia,-23.7,134.1,1500,75,,,0.51,2,Strauss 1992 3.2.2,,,
48,17195,Barney Creek,"Barney Creek Fm, McArthur Gp",Australia,-23.7,134.1,1500,75,,,1.08,21,Strauss 1992 3.2.2,,,
49,17196,Paradise Creek Formation,"Paradise Creek Fm, McNamara Gp",Australia,-23.7,134.1,1650,83,,,0.2,1,Strauss 1992 3.2.2,,,
50,17197,Urquhart Shale,Urquhart Shale,Australia,-23.7,134.1,1670,84,,,0.12,2,Strauss 1992 3.2.2,,,
51,17198,Earaheedy Group,Earaheedy Gp,Australia,-23.7,134.1,1800,90,,,0.27,1,Strauss 1992 3.2.2,,,
52,17199,Rove Formation,Rove Fm,USA,40.7,-96.2,1900,95,,,0.41,1,Strauss 1992 3.2.2,,,
53,17200,Golden Dyke Formation,Golden Dyke Fm,Australia,-23.7,134.1,1900,95,,,0.04,1,Strauss 1992 3.2.2,,,
54,17201,Duck Creek Dolomite,Duck Creek Dolomite,Australia,-23.7,134.1,2000,100,,,0.18,1,Strauss 1992 3.2.2,,,
55,17202,Gunflint Formation,Gunflint Iron Fm,Canada,59.6,-103.1,2090,105,,,0.35,1,Strauss 1992 3.2.2,,,
56,17203,Upper Albanel Formation,Albanel Fm,Canada,59.6,-103.1,2100,105,,,0.14,1,Strauss 1992 3.2.2,,,
57,17204,McLeary Formation,McLeary Fm,Canada,59.6,-103.1,2100,105,,,0.26,1,Strauss 1992 3.2.2,,,
58,17205,Malmani Dolomite,"Malmani Fm, Espanola Subgp",South Africa,-28.7,25.3,2400,120,,,0.16,3,Strauss 1992 3.2.2,,,
59,17206,Mt. McRae Shale,Mount McRae Shale,Australia,-23.7,134.1,2500,125,,,0.11,2,Strauss 1992 3.2.2,,,
60,17207,Wittenoom Dolomite,"Wittenoom Fm, Hamersley Gp",Australia,-23.7,134.1,2500,125,,,0.14,1,Strauss 1992 3.2.2,,,
135,16974,Balbirini Formation ,"Balbirini Dolomite, Nathan Gp",Australia,-23.7,134.1,1482,74,,CARB,0.99,,Strauss 1992 17.9,,,
143,16975,Barney Creek Formation ,"Barney Creek Fm, McArthur Gp",Australia,-23.7,134.1,1500,75,,SH,1.66,,Strauss 1992 17.9,,,
144,16976,Barney Creek Formation ,"Barney Creek Fm, McArthur Gp",Australia,-23.7,134.1,1500,75,,SH,1.61,,Strauss 1992 17.9,,,
145,16977,Barney Creek Formation ,"Barney Creek Fm, McArthur Gp",Australia,-23.7,134.1,1500,75,,SH,1.49,,Strauss 1992 17.9,,,
146,16978,Barney Creek Formation ,"Barney Creek Fm, McArthur Gp",Australia,-23.7,134.1,1500,75,,SH,1.54,,Strauss 1992 17.9,,,
147,16979,Barney Creek Formation ,"Barney Creek Fm, McArthur Gp",Australia,-23.7,134.1,1500,75,,SH,1.51,,Strauss 1992 17.9,,,
148,16980,Barney Creek Formation ,"Barney Creek Fm, McArthur Gp",Australia,-23.7,134.1,1500,75,,SH,1.23,,Strauss 1992 17.9,,,
149,16981,Barney Creek Formation ,"Barney Creek Fm, McArthur Gp",Australia,-23.7,134.1,1500,75,,SH,1.15,,Strauss 1992 17.9,,,
150,16982,Barney Creek Formation ,"Barney Creek Fm, McArthur Gp",Australia,-23.7,134.1,1500,75,,SH,0.93,,Strauss 1992 17.9,,,
151,16983,Barney Creek Formation ,"Barney Creek Fm, McArthur Gp",Australia,-23.7,134.1,1500,75,,SH,1.11,,Strauss 1992 17.9,,,
152,16984,Barney Creek Formation ,"Barney Creek Fm, McArthur Gp",Australia,-23.7,134.1,1500,75,,SH,0.97,,Strauss 1992 17.9,,,
153,16985,Barney Creek Formation ,"Barney Creek Fm, McArthur Gp",Australia,-23.7,134.1,1500,75,,SH,0.91,,Strauss 1992 17.9,,,
154,16986,Barney Creek Formation ,"Barney Creek Fm, McArthur Gp",Australia,-23.7,134.1,1500,75,,SH,1,,Strauss 1992 17.9,,,
155,16987,Barney Creek Formation ,"Barney Creek Fm, McArthur Gp",Australia,-23.7,134.1,1500,75,,SH,0.87,,Strauss 1992 17.9,,,
156,16988,Barney Creek Formation ,"Barney Creek Fm, McArthur Gp",Australia,-23.7,134.1,1500,75,,SH,0.59,,Strauss 1992 17.9,,,
157,16989,Barney Creek Formation ,"Barney Creek Fm, McArthur Gp",Australia,-23.7,134.1,1500,75,,SH,0.78,,Strauss 1992 17.9,,,
158,16990,Barney Creek Formation ,"Barney Creek Fm, McArthur Gp",Australia,-23.7,134.1,1500,75,,SH,0.87,,Strauss 1992 17.9,,,
159,16991,Barney Creek Formation ,"Barney Creek Fm, McArthur Gp",Australia,-23.7,134.1,1500,75,,SH,0.62,,Strauss 1992 17.9,,,
160,16992,Barney Creek Formation ,"Barney Creek Fm, McArthur Gp",Australia,-23.7,134.1,1500,75,,SH,0.38,,Strauss 1992 17.9,,,
161,16993,Barney Creek Formation ,"Barney Creek Fm, McArthur Gp",Australia,-23.7,134.1,1500,75,,SH,0.38,,Strauss 1992 17.9,,,
102,12488,Bitter Springs Formation ,Bitter Springs Fm,Australia,-23.7,134.1,850,43,,CH,0.34,,Strauss 1992 17.9,,,
103,16994,Bitter Springs Formation ,Bitter Springs Fm,Australia,-23.7,134.1,850,43,,CARB,0.28,,Strauss 1992 17.9,,,
104,16995,Bitter Springs Formation ,Bitter Springs Fm,Australia,-23.7,134.1,850,43,,CARB,0.46,,Strauss 1992 17.9,,,
105,16996,Bitter Springs Formation ,Bitter Springs Fm,Australia,-23.7,134.1,850,43,,CH,0.1,,Strauss 1992 17.9,,,
106,16997,Bitter Springs Formation ,Bitter Springs Fm,Australia,-23.7,134.1,850,43,,CARB,0.73,,Strauss 1992 17.9,,,
107,16998,Bitter Springs Formation ,Bitter Springs Fm,Australia,-23.7,134.1,850,43,,CARB,0.82,,Strauss 1992 17.9,,,
101,12503,"Black Mudstone, Utah ","Black Mudstone, Utah",USA,40.7,-96.2,830,42,,SH,0.1,,Strauss 1992 17.9,,,
63,12539,Brachina Formation ,Brachina Fm,Australia,-23.7,134.1,650,33,,SH,0.15,,Strauss 1992 17.9,,,
64,12540,Brachina Formation ,Brachina Fm,Australia,-23.7,134.1,650,33,,SH,0.11,,Strauss 1992 17.9,,,
65,12541,Brachina Formation ,Brachina Fm,Australia,-23.7,134.1,650,33,,SH,0.06,,Strauss 1992 17.9,,,
183,12670,Bulawayan Group ,Bulawayan Gp,Zimbabwe,-19.2,30.1,2600,130,,CARB,0.76,,Strauss 1992 17.9,,,
130,12712,Bungle Bungle Dolomite ,Bungle Bungle Dolomite,Australia,-23.7,134.1,1364,68,,CH,0.31,,Strauss 1992 17.9,,,
131,12713,Bungle Bungle Dolomite ,Bungle Bungle Dolomite,Australia,-23.7,134.1,1364,68,,SH,0.45,,Strauss 1992 17.9,,,
132,12714,Bungle Bungle Dolomite ,Bungle Bungle Dolomite,Australia,-23.7,134.1,1364,68,,CARB,0.38,,Strauss 1992 17.9,,,
133,12715,Bungle Bungle Dolomite ,Bungle Bungle Dolomite,Australia,-23.7,134.1,1364,68,,CARB,0.39,,Strauss 1992 17.9,,,
134,12716,Bungle Bungle Dolomite ,Bungle Bungle Dolomite,Australia,-23.7,134.1,1364,68,,CARB,0.43,,Strauss 1992 17.9,,,
100,12730,Burra Group ,Burra Gp,Australia,-23.7,134.1,800,40,,CH,0.17,,Strauss 1992 17.9,,,
172,13184,Duck Creek Dolomite ,Duck Creek Dolomite,Australia,-23.7,134.1,2000,100,,CARB,0.14,,Strauss 1992 17.9,,,
173,13185,Duck Creek Dolomite ,Duck Creek Dolomite,Australia,-23.7,134.1,2000,100,,CH,0.32,,Strauss 1992 17.9,,,
169,13216,Earaheedy Group ,Earaheedy Gp,Australia,-23.7,134.1,1800,90,,CARB,0.27,,Strauss 1992 17.9,,,
216,13427,Fig Tree Group ,Fig Tree Gp,South Africa,-28.7,25.3,3350,168,,CH,0.16,,Strauss 1992 17.9,,,
217,13428,Fig Tree Group ,Fig Tree Gp,South Africa,-28.7,25.3,3350,168,,CH,0.2,,Strauss 1992 17.9,,,
218,13429,Fig Tree Group ,Fig Tree Gp,South Africa,-28.7,25.3,3350,168,,CH,0.1,,Strauss 1992 17.9,,,
219,13430,Fig Tree Group ,Fig Tree Gp,South Africa,-28.7,25.3,3350,168,,CH,0.16,,Strauss 1992 17.9,,,
220,16999,Fig Tree Group ,Fig Tree Gp,South Africa,-28.7,25.3,3350,168,,CH,0.41,,Strauss 1992 17.9,,,
221,17000,Fig Tree Group ,Fig Tree Gp,South Africa,-28.7,25.3,3350,168,,CH,0.49,,Strauss 1992 17.9,,,
212,17001,Fortescue Group ,Fortescue Gp,Australia,-23.7,134.1,2800,140,,SH,0.43,,Strauss 1992 17.9,,,
170,13542,Golden Dyke Formation ,Golden Dyke Fm,Australia,-23.7,134.1,1900,95,,SH,0.04,,Strauss 1992 17.9,,,
214,13558,Gorge Creek Group ,Gorge Creek Gp,Australia,-23.7,134.1,3200,160,,SH,0.09,,Strauss 1992 17.9,,,
174,13646,Gunflint Iron Formation ,Gunflint Iron Fm,Canada,59.6,-103.1,2090,105,,CH,0.61,,Strauss 1992 17.9,,,
175,17002,Gunflint Iron Formation ,Gunflint Iron Fm,Canada,59.6,-103.1,2090,105,,CH,0.1,,Strauss 1992 17.9,,,
225,13847,Hooggenoeg Formation ,Hooggenoeg Fm,South Africa,-28.7,25.3,3450,173,,CH,0.12,,Strauss 1992 17.9,,,
226,13848,Hooggenoeg Formation ,Hooggenoeg Fm,South Africa,-28.7,25.3,3450,173,,CH,0.41,,Strauss 1992 17.9,,,
227,13849,Hooggenoeg Formation ,Hooggenoeg Fm,South Africa,-28.7,25.3,3450,173,,CH,0.69,,Strauss 1992 17.9,,,
228,13850,Hooggenoeg Formation ,Hooggenoeg Fm,South Africa,-28.7,25.3,3450,173,,CH,0.43,,Strauss 1992 17.9,,,
229,17003,Hooggenoeg Formation ,Hooggenoeg Fm,South Africa,-28.7,25.3,3450,173,,CH,0.58,,Strauss 1992 17.9,,,
162,13918,HYC Pyritic Shale Member ,"HYC Pyritic Shale Mbr, McArthur Gp",Australia,-23.7,134.1,1500,75,,SH,0.39,,Strauss 1992 17.9,,,
163,13919,HYC Pyritic Shale Member ,"HYC Pyritic Shale Mbr, McArthur Gp",Australia,-23.7,134.1,1500,75,,SH,0.64,,Strauss 1992 17.9,,,
253,14014,Isua Supergroup ,Isua Sgp,Greenland,76.3,-41.5,3700,185,,BIF,0.02,,Strauss 1992 17.9,,,
254,14015,Isua Supergroup ,Isua Sgp,Greenland,76.3,-41.5,3700,185,,H,0.01,,Strauss 1992 17.9,,,
186,14041,Jeerinah Formation,"Jeerinah Fm, Fortescue Gp",Australia,-23.7,134.1,2650,133,,SH,0.33,,Strauss 1992 17.9,,,
215,14570,Kromberg Formation ,Kromberg Fm,South Africa,-28.7,25.3,3300,165,,CH,0.13,,Strauss 1992 17.9,,,
119,17004,Lansen Creek Shale Member ,Lansen Creek Shale Mbr,Australia,-23.7,134.1,1350,68,,SH,1.24,,Strauss 1992 17.9,,,
120,17005,Lansen Creek Shale Member ,Lansen Creek Shale Mbr,Australia,-23.7,134.1,1350,68,,SH,1,,Strauss 1992 17.9,,,
121,17006,Lansen Creek Shale Member ,Lansen Creek Shale Mbr,Australia,-23.7,134.1,1350,68,,SH,0.89,,Strauss 1992 17.9,,,
122,17007,Lansen Creek Shale Member ,Lansen Creek Shale Mbr,Australia,-23.7,134.1,1350,68,,SH,0.6,,Strauss 1992 17.9,,,
142,17008,Lynott-Don Formation ,"Lynott Fm, McArthur Gp",Australia,-23.7,134.1,1490,75,,SH,0.94,,Strauss 1992 17.9,,,
178,14914,Malmani Subgroup ,"Malmani Fm, Espanola Subgp",South Africa,-28.7,25.3,2400,120,,CARB,0.23,,Strauss 1992 17.9,,,
179,14915,Malmani Subgroup ,"Malmani Fm, Espanola Subgp",South Africa,-28.7,25.3,2400,120,,CARB,0.4,,Strauss 1992 17.9,,,
184,14984,Manjeri Formation ,"Manjeri Fm, Ngesi Gp",Zimbabwe,-19.2,30.1,2600,130,,CH,0.35,,Strauss 1992 17.9,,,
164,14991,Marimo Slate ,Marimo Slate,Australia,-23.7,134.1,1500,75,,SH,0.05,,Strauss 1992 17.9,,,
176,15065,McLeary Formation ,McLeary Fm,Canada,59.6,-103.1,2100,105,,CH,1.19,,Strauss 1992 17.9,,,
109,15095,McMinn Formation ,"McMinn Fm, Roper Gp",Australia,-23.7,134.1,1340,67,,SH,0.79,,Strauss 1992 17.9,,,
110,15096,McMinn Formation ,"McMinn Fm, Roper Gp",Australia,-23.7,134.1,1340,67,,SH,0.48,,Strauss 1992 17.9,,,
111,15097,McMinn Formation ,"McMinn Fm, Roper Gp",Australia,-23.7,134.1,1340,67,,SH,0.4,,Strauss 1992 17.9,,,
112,15098,McMinn Formation ,"McMinn Fm, Roper Gp",Australia,-23.7,134.1,1340,67,,SH,1.17,,Strauss 1992 17.9,,,
113,17009,McMinn Formation ,"McMinn Fm, Roper Gp",Australia,-23.7,134.1,1340,67,,SH,0.86,,Strauss 1992 17.9,,,
114,17010,McMinn Formation ,"McMinn Fm, Roper Gp",Australia,-23.7,134.1,1340,67,,SH,0.65,,Strauss 1992 17.9,,,
115,17011,McMinn Formation ,"McMinn Fm, Roper Gp",Australia,-23.7,134.1,1340,67,,SH,0.59,,Strauss 1992 17.9,,,
116,17012,McMinn Formation ,"McMinn Fm, Roper Gp",Australia,-23.7,134.1,1340,67,,SH,0.54,,Strauss 1992 17.9,,,
117,17013,McMinn Formation ,"McMinn Fm, Roper Gp",Australia,-23.7,134.1,1340,67,,SH,0.36,,Strauss 1992 17.9,,,
118,17014,McMinn Formation ,"McMinn Fm, Roper Gp",Australia,-23.7,134.1,1340,67,,SH,1.17,,Strauss 1992 17.9,,,
213,15261,Mozaan Group ,Mozaan Gp,South Africa,-28.7,25.3,3000,150,,SH,0.11,,Strauss 1992 17.9,,,
180,15208,Mt. McRae Shale ,Mount McRae Shale,Australia,-23.7,134.1,2500,125,,SH,0.9,,Strauss 1992 17.9,,,
181,15209,Mt. McRae Shale ,Mount McRae Shale,Australia,-23.7,134.1,2500,125,,SH,0.44,,Strauss 1992 17.9,,,
108,17015,Nonesuch Shale ,Nonesuch Shale,USA,40.7,-96.2,1055,53,,SH,0.5,,Strauss 1992 17.9,,,
230,15433,Onverwacht Group ,Onverwacht Gp,Zimbabwe,-19.2,30.1,3450,173,,CH,0.15,,Strauss 1992 17.9,,,
231,15434,Onverwacht Group ,Onverwacht Gp,Zimbabwe,-19.2,30.1,3450,173,,CH,0.33,,Strauss 1992 17.9,,,
232,15435,Onverwacht Group ,Onverwacht Gp,Zimbabwe,-19.2,30.1,3450,173,,CH,0.25,,Strauss 1992 17.9,,,
233,15436,Onverwacht Group ,Onverwacht Gp,Zimbabwe,-19.2,30.1,3450,173,,CH,0.65,,Strauss 1992 17.9,,,
234,15437,Onverwacht Group ,Onverwacht Gp,Zimbabwe,-19.2,30.1,3450,173,,CH,0.93,,Strauss 1992 17.9,,,
235,15438,Onverwacht Group ,Onverwacht Gp,Zimbabwe,-19.2,30.1,3450,173,,CH,0.4,,Strauss 1992 17.9,,,
236,15439,Onverwacht Group ,Onverwacht Gp,Zimbabwe,-19.2,30.1,3450,173,,CH,0.54,,Strauss 1992 17.9,,,
237,15440,Onverwacht Group ,Onverwacht Gp,Zimbabwe,-19.2,30.1,3450,173,,CH,1.38,,Strauss 1992 17.9,,,
238,17016,Onverwacht Group ,Onverwacht Gp,Zimbabwe,-19.2,30.1,3450,173,,CH,0.14,,Strauss 1992 17.9,,,
239,17017,Onverwacht Group ,Onverwacht Gp,Zimbabwe,-19.2,30.1,3450,173,,CH,0.8,,Strauss 1992 17.9,,,
240,17018,Onverwacht Group ,Onverwacht Gp,Zimbabwe,-19.2,30.1,3450,173,,CH,0.08,,Strauss 1992 17.9,,,
241,17019,Onverwacht Group ,Onverwacht Gp,Zimbabwe,-19.2,30.1,3450,173,,CH,0.96,,Strauss 1992 17.9,,,
166,17020,Paradise Creek Formation ,"Paradise Creek Fm, McNamara Gp",Australia,-23.7,134.1,1650,83,,CH,0.2,,Strauss 1992 17.9,,,
62,17021,Pertatataka Formation ,Pertatataka Fm,Australia,-23.7,134.1,610,31,,SH,0.66,,Strauss 1992 17.9,,,
171,15683,Rove Formation ,Rove Fm,USA,40.7,-96.2,1900,95,,SH,0.41,,Strauss 1992 17.9,,,
92,15841,Skillogalee Dolomite ,Skillogalee Dolomite,Australia,-23.7,134.1,770,39,,CH,0.19,,Strauss 1992 17.9,,,
93,17022,Skillogalee Dolomite ,Skillogalee Dolomite,Australia,-23.7,134.1,770,39,,CARB,0.1,,Strauss 1992 17.9,,,
94,17023,Skillogalee Dolomite ,Skillogalee Dolomite,Australia,-23.7,134.1,770,39,,CH,0.2,,Strauss 1992 17.9,,,
95,17024,Skillogalee Dolomite ,Skillogalee Dolomite,Australia,-23.7,134.1,770,39,,CARB,0.1,,Strauss 1992 17.9,,,
96,17025,Skillogalee Dolomite ,Skillogalee Dolomite,Australia,-23.7,134.1,770,39,,CARB,0.33,,Strauss 1992 17.9,,,
97,17026,Skillogalee Dolomite ,Skillogalee Dolomite,Australia,-23.7,134.1,770,39,,CH,0.31,,Strauss 1992 17.9,,,
98,17027,Skillogalee Dolomite ,Skillogalee Dolomite,Australia,-23.7,134.1,770,39,,CARB,0.27,,Strauss 1992 17.9,,,
99,17028,Skillogalee Dolomite ,Skillogalee Dolomite,Australia,-23.7,134.1,770,39,,CARB,0.23,,Strauss 1992 17.9,,,
185,15918,Steeprock Group ,Steep Rock Gp,Canada,59.6,-103.1,2600,130,,CH,0.77,,Strauss 1992 17.9,,,
242,15981,Swartkoppie Formation ,Swartkoppie Fm,South Africa,-28.7,25.3,3450,173,,CH,0.1,,Strauss 1992 17.9,,,
243,15982,Swartkoppie Formation ,Swartkoppie Fm,South Africa,-28.7,25.3,3450,173,,CH,0.09,,Strauss 1992 17.9,,,
244,15983,Swartkoppie Formation ,Swartkoppie Fm,South Africa,-28.7,25.3,3450,173,,CH,0.3,,Strauss 1992 17.9,,,
67,16122,Tapley Hill Formation ,"Tapley Hill Fm, Umberatana Gp",Australia,-23.7,134.1,750,38,,SH,0.17,,Strauss 1992 17.9,,,
68,16123,Tapley Hill Formation ,"Tapley Hill Fm, Umberatana Gp",Australia,-23.7,134.1,750,38,,SH,0.25,,Strauss 1992 17.9,,,
69,16124,Tapley Hill Formation ,"Tapley Hill Fm, Umberatana Gp",Australia,-23.7,134.1,750,38,,SH,0.11,,Strauss 1992 17.9,,,
70,16125,Tapley Hill Formation ,"Tapley Hill Fm, Umberatana Gp",Australia,-23.7,134.1,750,38,,SH,0.15,,Strauss 1992 17.9,,,
71,16126,Tapley Hill Formation ,"Tapley Hill Fm, Umberatana Gp",Australia,-23.7,134.1,750,38,,SH,0.15,,Strauss 1992 17.9,,,
72,16127,Tapley Hill Formation ,"Tapley Hill Fm, Umberatana Gp",Australia,-23.7,134.1,750,38,,SH,0.18,,Strauss 1992 17.9,,,
73,16128,Tapley Hill Formation ,"Tapley Hill Fm, Umberatana Gp",Australia,-23.7,134.1,750,38,,SH,0.19,,Strauss 1992 17.9,,,
74,17029,Tapley Hill Formation ,"Tapley Hill Fm, Umberatana Gp",Australia,-23.7,134.1,750,38,,SH,0.19,,Strauss 1992 17.9,,,
75,17030,Tapley Hill Formation ,"Tapley Hill Fm, Umberatana Gp",Australia,-23.7,134.1,750,38,,SH,0.23,,Strauss 1992 17.9,,,
76,17031,Tapley Hill Formation ,"Tapley Hill Fm, Umberatana Gp",Australia,-23.7,134.1,750,38,,SH,0.11,,Strauss 1992 17.9,,,
77,17032,Tapley Hill Formation ,"Tapley Hill Fm, Umberatana Gp",Australia,-23.7,134.1,750,38,,SH,0.19,,Strauss 1992 17.9,,,
78,17033,Tapley Hill Formation ,"Tapley Hill Fm, Umberatana Gp",Australia,-23.7,134.1,750,38,,SH,0.13,,Strauss 1992 17.9,,,
79,17034,Tapley Hill Formation ,"Tapley Hill Fm, Umberatana Gp",Australia,-23.7,134.1,750,38,,SH,0.11,,Strauss 1992 17.9,,,
80,17035,Tapley Hill Formation ,"Tapley Hill Fm, Umberatana Gp",Australia,-23.7,134.1,750,38,,SH,0.09,,Strauss 1992 17.9,,,
81,17036,Tapley Hill Formation ,"Tapley Hill Fm, Umberatana Gp",Australia,-23.7,134.1,750,38,,SH,0.06,,Strauss 1992 17.9,,,
82,17037,Tapley Hill Formation ,"Tapley Hill Fm, Umberatana Gp",Australia,-23.7,134.1,750,38,,SH,0.07,,Strauss 1992 17.9,,,
83,17038,Tapley Hill Formation ,"Tapley Hill Fm, Umberatana Gp",Australia,-23.7,134.1,750,38,,SH,0.09,,Strauss 1992 17.9,,,
84,17039,Tapley Hill Formation ,"Tapley Hill Fm, Umberatana Gp",Australia,-23.7,134.1,750,38,,SH,0.05,,Strauss 1992 17.9,,,
85,17040,Tapley Hill Formation ,"Tapley Hill Fm, Umberatana Gp",Australia,-23.7,134.1,750,38,,SH,0.01,,Strauss 1992 17.9,,,
86,17041,Tapley Hill Formation ,"Tapley Hill Fm, Umberatana Gp",Australia,-23.7,134.1,750,38,,SH,0.06,,Strauss 1992 17.9,,,
87,17042,Tapley Hill Formation ,"Tapley Hill Fm, Umberatana Gp",Australia,-23.7,134.1,750,38,,SH,0.05,,Strauss 1992 17.9,,,
88,17043,Tapley Hill Formation ,"Tapley Hill Fm, Umberatana Gp",Australia,-23.7,134.1,750,38,,SH,0.04,,Strauss 1992 17.9,,,
89,17044,Tapley Hill Formation ,"Tapley Hill Fm, Umberatana Gp",Australia,-23.7,134.1,750,38,,SH,0.09,,Strauss 1992 17.9,,,
90,17045,Tapley Hill Formation ,"Tapley Hill Fm, Umberatana Gp",Australia,-23.7,134.1,750,38,,SH,0.02,,Strauss 1992 17.9,,,
91,17046,Tapley Hill Formation ,"Tapley Hill Fm, Umberatana Gp",Australia,-23.7,134.1,750,38,,CARB,0.24,,Strauss 1992 17.9,,,
245,16144,Theespruit Formation ,Theespruit Fm,South Africa,-28.7,25.3,3550,178,,SH,0.02,,Strauss 1992 17.9,,,
246,16145,Theespruit Formation ,Theespruit Fm,South Africa,-28.7,25.3,3550,178,,CH,0.09,,Strauss 1992 17.9,,,
247,16146,Theespruit Formation ,Theespruit Fm,South Africa,-28.7,25.3,3550,178,,CH,0.04,,Strauss 1992 17.9,,,
248,16147,Theespruit Formation ,Theespruit Fm,South Africa,-28.7,25.3,3550,178,,CH,0.04,,Strauss 1992 17.9,,,
249,16148,Theespruit Formation ,Theespruit Fm,South Africa,-28.7,25.3,3550,178,,CH,0.03,,Strauss 1992 17.9,,,
250,16149,Theespruit Formation ,Theespruit Fm,South Africa,-28.7,25.3,3550,178,,CH,0.05,,Strauss 1992 17.9,,,
251,16150,Theespruit Formation ,Theespruit Fm,South Africa,-28.7,25.3,3550,178,,CH,0.05,,Strauss 1992 17.9,,,
252,17047,Theespruit Formation ,Theespruit Fm,South Africa,-28.7,25.3,3550,178,,CH,0.04,,Strauss 1992 17.9,,,
165,16208,Tooganinie Formation ,"Tooganinie Fm, McArthur Gp",Australia,-23.7,134.1,1600,80,,CARB,1.8,,Strauss 1992 17.9,,,
222,16232,Towers Formation ,Towers Fm,Australia,-23.7,134.1,3435,172,,CH,0.3,,Strauss 1992 17.9,,,
223,16233,Towers Formation ,Towers Fm,Australia,-23.7,134.1,3435,172,,CH,0.16,,Strauss 1992 17.9,,,
224,16234,Towers Formation ,Towers Fm,Australia,-23.7,134.1,3435,172,,CH,0.3,,Strauss 1992 17.9,,,
211,16434,Tumbiana Formation ,"Tumbiana Fm, Fortescue Gp",Australia,-23.7,134.1,2750,138,,CH,0.25,,Strauss 1992 17.9,,,
66,17048,Umberatana Group ,Umberatana Gp,Australia,-23.7,134.1,675,34,,,0.49,,Strauss 1992 17.9,,,
177,12028,Upper Albanel Formation ,Albanel Fm,Canada,59.6,-103.1,2100,105,,CARB,0.37,,Strauss 1992 17.9,,,
167,16526,Urquhart Shale ,Urquhart Shale,Australia,-23.7,134.1,1670,84,,SH,0.1,,Strauss 1992 17.9,,,
168,16527,Urquhart Shale ,Urquhart Shale,Australia,-23.7,134.1,1670,84,,SH,0.13,,Strauss 1992 17.9,,,
123,17049,Velkerri Formation ,"Velkerri Fm, Roper Gp",Australia,-23.7,134.1,1350,68,,SH,1.01,,Strauss 1992 17.9,,,
124,17050,Velkerri Formation ,"Velkerri Fm, Roper Gp",Australia,-23.7,134.1,1350,68,,SH,0.88,,Strauss 1992 17.9,,,
125,17051,Velkerri Formation ,"Velkerri Fm, Roper Gp",Australia,-23.7,134.1,1350,68,,SH,0.86,,Strauss 1992 17.9,,,
126,17052,Velkerri Formation ,"Velkerri Fm, Roper Gp",Australia,-23.7,134.1,1350,68,,SH,0.79,,Strauss 1992 17.9,,,
127,17053,Velkerri Formation ,"Velkerri Fm, Roper Gp",Australia,-23.7,134.1,1350,68,,SH,0.76,,Strauss 1992 17.9,,,
128,17054,Velkerri Formation ,"Velkerri Fm, Roper Gp",Australia,-23.7,134.1,1350,68,,SH,0.7,,Strauss 1992 17.9,,,
129,17055,Velkerri Formation ,"Velkerri Fm, Roper Gp",Australia,-23.7,134.1,1350,68,,SH,0.65,,Strauss 1992 17.9,,,
187,16587,Ventersdorp Supergroup ,Ventersdorp Sgp,South Africa,-28.7,25.3,2650,133,,CH,0.11,,Strauss 1992 17.9,,,
182,16730,Wittenoom Dolomite ,"Wittenoom Fm, Hamersley Gp",Australia,-23.7,134.1,2500,125,,SH,0.33,,Strauss 1992 17.9,,,
188,16749,Witwatersrand Supergroup ,Witwatersrand Sgp,South Africa,-28.7,25.3,2710,136,,Q,0,,Strauss 1992 17.9,,,
189,16750,Witwatersrand Supergroup ,Witwatersrand Sgp,South Africa,-28.7,25.3,2710,136,,Q,0,,Strauss 1992 17.9,,,
190,16751,Witwatersrand Supergroup ,Witwatersrand Sgp,South Africa,-28.7,25.3,2710,136,,Q,0,,Strauss 1992 17.9,,,
191,16752,Witwatersrand Supergroup ,Witwatersrand Sgp,South Africa,-28.7,25.3,2710,136,,Q,0,,Strauss 1992 17.9,,,
192,16753,Witwatersrand Supergroup ,Witwatersrand Sgp,South Africa,-28.7,25.3,2710,136,,Q,0,,Strauss 1992 17.9,,,
193,16754,Witwatersrand Supergroup ,Witwatersrand Sgp,South Africa,-28.7,25.3,2710,136,,Q,0,,Strauss 1992 17.9,,,
194,16755,Witwatersrand Supergroup ,Witwatersrand Sgp,South Africa,-28.7,25.3,2710,136,,Q,0,,Strauss 1992 17.9,,,
195,16756,Witwatersrand Supergroup ,Witwatersrand Sgp,South Africa,-28.7,25.3,2710,136,,Q,0,,Strauss 1992 17.9,,,
196,16757,Witwatersrand Supergroup ,Witwatersrand Sgp,South Africa,-28.7,25.3,2710,136,,Q,0,,Strauss 1992 17.9,,,
197,16758,Witwatersrand Supergroup ,Witwatersrand Sgp,South Africa,-28.7,25.3,2710,136,,Q,0,,Strauss 1992 17.9,,,
198,16759,Witwatersrand Supergroup ,Witwatersrand Sgp,South Africa,-28.7,25.3,2710,136,,Q,0,,Strauss 1992 17.9,,,
199,16760,Witwatersrand Supergroup ,Witwatersrand Sgp,South Africa,-28.7,25.3,2710,136,,Q,0,,Strauss 1992 17.9,,,
200,16761,Witwatersrand Supergroup ,Witwatersrand Sgp,South Africa,-28.7,25.3,2710,136,,Q,0,,Strauss 1992 17.9,,,
201,16762,Witwatersrand Supergroup ,Witwatersrand Sgp,South Africa,-28.7,25.3,2710,136,,Q,0,,Strauss 1992 17.9,,,
202,16763,Witwatersrand Supergroup ,Witwatersrand Sgp,South Africa,-28.7,25.3,2710,136,,Q,0,,Strauss 1992 17.9,,,
203,16764,Witwatersrand Supergroup ,Witwatersrand Sgp,South Africa,-28.7,25.3,2710,136,,Q,0,,Strauss 1992 17.9,,,
204,16765,Witwatersrand Supergroup ,Witwatersrand Sgp,South Africa,-28.7,25.3,2710,136,,Q,0,,Strauss 1992 17.9,,,
205,16766,Witwatersrand Supergroup ,Witwatersrand Sgp,South Africa,-28.7,25.3,2710,136,,Q,0,,Strauss 1992 17.9,,,
206,16767,Witwatersrand Supergroup ,Witwatersrand Sgp,South Africa,-28.7,25.3,2710,136,,Q,0,,Strauss 1992 17.9,,,
207,16768,Witwatersrand Supergroup ,Witwatersrand Sgp,South Africa,-28.7,25.3,2710,136,,Q,0,,Strauss 1992 17.9,,,
208,16769,Witwatersrand Supergroup ,Witwatersrand Sgp,South Africa,-28.7,25.3,2710,136,,Q,0,,Strauss 1992 17.9,,,
209,16770,Witwatersrand Supergroup ,Witwatersrand Sgp,South Africa,-28.7,25.3,2710,136,,Q,0,,Strauss 1992 17.9,,,
210,16771,Witwatersrand Supergroup ,Witwatersrand Sgp,South Africa,-28.7,25.3,2710,136,,Q,0,,Strauss 1992 17.9,,,
61,17056,Wonoka Formation ,Wonoka Fm,Australia,-23.7,134.1,585,29,,CARB,0.47,,Strauss 1992 17.9,,,
136,17057,Yalco Formation ,"Yalco Fm, McArthur Gp",Australia,-23.7,134.1,1485,74,,CARB,0.92,,Strauss 1992 17.9,,,
137,17058,Yalco Formation ,"Yalco Fm, McArthur Gp",Australia,-23.7,134.1,1485,74,,CARB,1.19,,Strauss 1992 17.9,,,
138,17059,Yalco Formation ,"Yalco Fm, McArthur Gp",Australia,-23.7,134.1,1485,74,,CARB,0.91,,Strauss 1992 17.9,,,
139,17060,Yalco Formation ,"Yalco Fm, McArthur Gp",Australia,-23.7,134.1,1485,74,,CARB,1.12,,Strauss 1992 17.9,,,
140,17061,Yalco Formation ,"Yalco Fm, McArthur Gp",Australia,-23.7,134.1,1485,74,,CARB,0.89,,Strauss 1992 17.9,,,
141,17062,Yalco Formation ,"Yalco Fm, McArthur Gp",Australia,-23.7,134.1,1485,74,,CARB,0.93,,Strauss 1992 17.9,,,
255,17063,Khatyspyt Formation ,Khatyspyt Fm,Russia,63.7,98.1,620,31,,SH,1.3,,Strauss 1992 17.5,,,
256,17064,Boonall Dolomite ,Boondall Dolomite,Australia,-23.7,134.1,640,32,,CARB,0.23,,Strauss 1992 17.5,,,
257,17065,Sheepbed Formation ,Sheepbed Fm,Canada,59.6,-103.1,650,33,,SH,0.23,,Strauss 1992 17.5,,,
258,17066,Sheepbed Formation ,Sheepbed Fm,Canada,59.6,-103.1,650,33,,SH,0.22,,Strauss 1992 17.5,,,
259,17067,Sheepbed Formation ,Sheepbed Fm,Canada,59.6,-103.1,650,33,,SH,0.22,,Strauss 1992 17.5,,,
260,17068,Sheepbed Formation ,Sheepbed Fm,Canada,59.6,-103.1,650,33,,SH,0.23,,Strauss 1992 17.5,,,
261,17069,Sheepbed Formation ,Sheepbed Fm,Canada,59.6,-103.1,650,33,,SH,0.25,,Strauss 1992 17.5,,,
262,17070,Biri Formation ,Biri Fm,Norway,65.9,13.6,700,35,,CARB,0.69,,Strauss 1992 17.5,,,
263,17071,Biri Formation ,Biri Fm,Norway,65.9,13.6,700,35,,CARB,0.53,,Strauss 1992 17.5,,,
264,17072,Biri Formation ,Biri Fm,Norway,65.9,13.6,700,35,,CARB,0.58,,Strauss 1992 17.5,,,
265,17073,Biri Formation ,Biri Fm,Norway,65.9,13.6,700,35,,CARB,0.47,,Strauss 1992 17.5,,,
266,17074,Luoquan Formation ,Luoyukou Fm,China,33.9,104.1,700,35,,SILT,0.26,,Strauss 1992 17.5,,,
267,17075,Luoquan Formation ,Luoyukou Fm,China,33.9,104.1,700,35,,SILT,0.31,,Strauss 1992 17.5,,,
268,17076,Luoquan Formation ,Luoyukou Fm,China,33.9,104.1,700,35,,SILT,0.36,,Strauss 1992 17.5,,,
269,17077,Twitya Formation ,Twitya Fm,Canada,59.6,-103.1,700,35,,SH,0.41,,Strauss 1992 17.5,,,
270,17078,Twitya Formation ,Twitya Fm,Canada,59.6,-103.1,700,35,,SH,0.41,,Strauss 1992 17.5,,,
271,17079,Twitya Formation ,Twitya Fm,Canada,59.6,-103.1,700,35,,SH,0.39,,Strauss 1992 17.5,,,
272,17080,Twitya Formation ,Twitya Fm,Canada,59.6,-103.1,700,35,,SH,0.55,,Strauss 1992 17.5,,,
273,17081,Tindelpina Shale Member ,Tindelpina Shale Mbr,Australia,-23.7,134.1,750,38,,SILT,0.18,,Strauss 1992 17.5,,,
274,17082,Woocalla Dolomite Member ,Woocalla Fm,Australia,-23.7,134.1,750,38,,SILT,0.6,,Strauss 1992 17.5,,,
275,17083,River Wakefield Subgroup ,River Wakefield Gp,Australia,-23.7,134.1,775,39,,CH,0.82,,Strauss 1992 17.5,,,
276,17084,River Wakefield Subgroup ,River Wakefield Gp,Australia,-23.7,134.1,775,39,,CH,0.33,,Strauss 1992 17.5,,,
277,17085,Beck Spring Dolomite ,Beck Springs Dolomite,USA,40.7,-96.2,850,43,,CARB,0.14,,Strauss 1992 17.5,,,
278,17086,Kingston Peak Formation ,Kingston Peak Fm,USA,40.7,-96.2,850,43,,CARB,0.27,,Strauss 1992 17.5,,,
279,17087,Love's Creek Member ,"Loves Creek Mbr, Bitter Springs Fm",Australia,-23.7,134.1,850,43,,CARB,0.35,,Strauss 1992 17.5,,,
280,17088,Love's Creek Member ,"Loves Creek Mbr, Bitter Springs Fm",Australia,-23.7,134.1,850,43,,CH,0.39,,Strauss 1992 17.5,,,
281,17089,Walcott Member ,Walcott Mbr,USA,40.7,-96.2,850,43,,SH,0.84,,Strauss 1992 17.5,,,
282,17090,Walcott Member ,Walcott Mbr,USA,40.7,-96.2,850,43,,CARB,0.87,,Strauss 1992 17.5,,,
283,17091,Walcott Member ,Walcott Mbr,USA,40.7,-96.2,850,43,,SH,0.91,,Strauss 1992 17.5,,,
284,17092,Walcott Member ,Walcott Mbr,USA,40.7,-96.2,850,43,,SH,0.77,,Strauss 1992 17.5,,,
285,17093,Walcott Member ,Walcott Mbr,USA,40.7,-96.2,850,43,,CARB,0.69,,Strauss 1992 17.5,,,
286,17094,Walcott Member ,Walcott Mbr,USA,40.7,-96.2,850,43,,CH,0.79,,Strauss 1992 17.5,,,
287,17095,Awatubi Member ,"Awatubi Mbr, Chuar Gp",USA,40.7,-96.2,862,43,,SH,0.6,,Strauss 1992 17.5,,,
288,17096,Awatubi Member ,"Awatubi Mbr, Chuar Gp",USA,40.7,-96.2,862,43,,SH,0.79,,Strauss 1992 17.5,,,
289,17097,Carbon Canyon Member ,Carbon Canyon Mbr,USA,40.7,-96.2,900,45,,SILT,0.74,,Strauss 1992 17.5,,,
290,17098,Carbon Canyon Member ,Carbon Canyon Mbr,USA,40.7,-96.2,900,45,,CARB,0.64,,Strauss 1992 17.5,,,
291,17099,Jupiter Member ,"Jupiter Mbr, Chuar Gp",USA,40.7,-96.2,930,47,,SH,0.5,,Strauss 1992 17.5,,,
292,17100,Jupiter Member ,"Jupiter Mbr, Chuar Gp",USA,40.7,-96.2,930,47,,SH,0.66,,Strauss 1992 17.5,,,
293,17101,Jupiter Member ,"Jupiter Mbr, Chuar Gp",USA,40.7,-96.2,930,47,,SH,0.49,,Strauss 1992 17.5,,,
294,17102,Jupiter Member ,"Jupiter Mbr, Chuar Gp",USA,40.7,-96.2,930,47,,SH,0.63,,Strauss 1992 17.5,,,
295,17103,Red Pine Shale ,Red Pine Shale,USA,40.7,-96.2,950,48,,SH,0.68,,Strauss 1992 17.5,,,
296,17104,Red Pine Shale ,Red Pine Shale,USA,40.7,-96.2,950,48,,SH,0.62,,Strauss 1992 17.5,,,
297,17105,Tanner Member ,"Tanner Mbr, Chuar Gp",USA,40.7,-96.2,950,48,,SH,0.51,,Strauss 1992 17.5,,,
298,17106,Tanner Member ,"Tanner Mbr, Chuar Gp",USA,40.7,-96.2,950,48,,SH,0.55,,Strauss 1992 17.5,,,
299,17107,Tanner Member ,"Tanner Mbr, Chuar Gp",USA,40.7,-96.2,950,48,,SH,1.3,,Strauss 1992 17.5,,,
300,17108,Tanner Member ,"Tanner Mbr, Chuar Gp",USA,40.7,-96.2,950,48,,SH,0.55,,Strauss 1992 17.5,,,
301,17109,Tanner Member ,"Tanner Mbr, Chuar Gp",USA,40.7,-96.2,950,48,,SH,0.51,,Strauss 1992 17.5,,,
302,17110,Allamoore Formation ,Allamoore Fm,USA,40.7,-96.2,1050,53,,CH,0.31,,Strauss 1992 17.5,,,
303,17111,Nonesuch Shale ,Nonesuch Shale,USA,40.7,-96.2,1055,53,,SILT,0.53,,Strauss 1992 17.5,,,
304,17112,Hongshuizhuang Formation ,Honghuizhuang Fm,China,33.9,104.1,1250,63,,SH,0.71,,Strauss 1992 17.5,,,
305,17113,Hongshuizhuang Formation ,Honghuizhuang Fm,China,33.9,104.1,1250,63,,SH,0.62,,Strauss 1992 17.5,,,
306,17114,Wumishan Formation ,Wumishan Fm,China,33.9,104.1,1325,66,,CH,0.54,,Strauss 1992 17.5,,,
307,17115,McMinn Formation ,"McMinn Fm, Roper Gp",Australia,-23.7,134.1,1340,67,,SILT,1.13,,Strauss 1992 17.5,,,
308,17116,McMinn Formation ,"McMinn Fm, Roper Gp",Australia,-23.7,134.1,1340,67,,SILT,1.19,,Strauss 1992 17.5,,,
309,17117,McMinn Formation ,"McMinn Fm, Roper Gp",Australia,-23.7,134.1,1340,67,,SILT,1.13,,Strauss 1992 17.5,,,
310,17118,McMinn Formation ,"McMinn Fm, Roper Gp",Australia,-23.7,134.1,1340,67,,SILT,0.3,,Strauss 1992 17.5,,,
311,17119,McMinn Formation ,"McMinn Fm, Roper Gp",Australia,-23.7,134.1,1340,67,,SILT,1.05,,Strauss 1992 17.5,,,
312,17120,Yangzhuang Formation ,Yangzhuang Fm,China,33.9,104.1,1350,68,,CH,0.49,,Strauss 1992 17.5,,,
313,17121,Bungle Bungle Dolomite ,Bungle Bungle Dolomite,Australia,-23.7,134.1,1364,68,,CARB,0.34,,Strauss 1992 17.5,,,
314,17122,Bungle Bungle Dolomite ,Bungle Bungle Dolomite,Australia,-23.7,134.1,1364,68,,CARB,0.26,,Strauss 1992 17.5,,,
315,17123,Dismal Lakes Group ,Dismal Lakes Gp,Canada,59.6,-103.1,1400,70,,CH,0.67,,Strauss 1992 17.5,,,
316,17124,Greyson Shale ,Greyson Shale,USA,40.7,-96.2,1420,71,,SILT,0.37,,Strauss 1992 17.5,,,
317,17125,Gaoyuzhuang Formation ,Gaoyuzhuang Fm,China,33.9,104.1,1425,71,,CH,0.38,,Strauss 1992 17.5,,,
318,17126,Gaoyuzhuang Formation ,Gaoyuzhuang Fm,China,33.9,104.1,1425,71,,CH,0.52,,Strauss 1992 17.5,,,
319,17127,Newland Limestone ,"Newland Fm, Belt Sgp",USA,40.7,-96.2,1440,72,,SH,0.42,,Strauss 1992 17.5,,,
320,17128,Newland Limestone ,"Newland Fm, Belt Sgp",USA,40.7,-96.2,1440,72,,SH,0.26,,Strauss 1992 17.5,,,
321,17129,Newland Limestone ,"Newland Fm, Belt Sgp",USA,40.7,-96.2,1440,72,,SH,0.11,,Strauss 1992 17.5,,,
322,17130,Tuanshanzi Formation ,Tuanshanzi Fm,China,33.9,104.1,1750,88,,CARB,0.57,,Strauss 1992 17.5,,,
323,17131,Chuanlinggou Formation ,Chuanlinggou Fm,China,33.9,104.1,1850,93,,SH,0.38,,Strauss 1992 17.5,,,
324,17132,Chuanlinggou Formation ,Chuanlinggou Fm,China,33.9,104.1,1850,93,,SH,0.33,,Strauss 1992 17.5,,,
325,17133,Chuanlinggou Formation ,Chuanlinggou Fm,China,33.9,104.1,1850,93,,SH,0.53,,Strauss 1992 17.5,,,
326,17134,Koolpin Formation ,Koolpin Fm,Australia,-23.7,134.1,1885,94,,CH,0.17,,Strauss 1992 17.5,,,
327,17135,Fontano Formation ,Fontano Fm,Canada,59.6,-103.1,1900,95,,SH,0.14,,Strauss 1992 17.5,,,
328,17136,Rove Formation ,Rove Fm,USA,40.7,-96.2,1900,95,,SH,0.47,,Strauss 1992 17.5,,,
329,17137,Rove Formation ,Rove Fm,USA,40.7,-96.2,1900,95,,SH,0.42,,Strauss 1992 17.5,,,
330,17138,Rove Formation ,Rove Fm,USA,40.7,-96.2,1900,95,,SH,0.51,,Strauss 1992 17.5,,,
331,17139,Union Island Group ,Union Island Gp,Canada,59.6,-103.1,1900,95,,SH,0.23,,Strauss 1992 17.5,,,
332,17140,Rocknest Formation ,"Rocknest Fm, Coronation Sgp",Canada,59.6,-103.1,1925,96,,CARB,0.18,,Strauss 1992 17.5,,,
333,17141,Rocknest Formation ,"Rocknest Fm, Coronation Sgp",Canada,59.6,-103.1,1925,96,,CARB,0.45,,Strauss 1992 17.5,,,
334,17142,Rocknest Formation ,"Rocknest Fm, Coronation Sgp",Canada,59.6,-103.1,1925,96,,CARB,0.12,,Strauss 1992 17.5,,,
335,17143,Rocknest Formation ,"Rocknest Fm, Coronation Sgp",Canada,59.6,-103.1,1925,96,,CH,0.16,,Strauss 1992 17.5,,,
336,17144,Rocknest Formation ,"Rocknest Fm, Coronation Sgp",Canada,59.6,-103.1,1925,96,,CARB,0.11,,Strauss 1992 17.5,,,
337,17145,Tyler Formation ,Tyler Fm,USA,40.7,-96.2,1950,98,,SH,0.32,,Strauss 1992 17.5,,,
338,17146,Tyler Formation ,Tyler Fm,USA,40.7,-96.2,1950,98,,SH,0.26,,Strauss 1992 17.5,,,
339,17147,Gunflint Iroil Formation ,Gunflint Iron Fm,Canada,59.6,-103.1,2090,105,,CH,0.32,,Strauss 1992 17.5,,,
340,17148,Gunflint Iroil Formation ,Gunflint Iron Fm,Canada,59.6,-103.1,2090,105,,CH,0.36,,Strauss 1992 17.5,,,
341,17149,Gunflint Iroil Formation ,Gunflint Iron Fm,Canada,59.6,-103.1,2090,105,,CARB,0.44,,Strauss 1992 17.5,,,
342,17150,Gunflint Iroil Formation ,Gunflint Iron Fm,Canada,59.6,-103.1,2090,105,,CH,0.54,,Strauss 1992 17.5,,,
343,17151,Gunflint Iroil Formation ,Gunflint Iron Fm,Canada,59.6,-103.1,2090,105,,CH,0.43,,Strauss 1992 17.5,,,
344,17152,Reivilo Formation ,Reivilo Shale Fm,South Africa,-28.7,25.3,2300,115,,SH,0.13,,Strauss 1992 17.5,,,
345,17153,Reivilo Formation ,Reivilo Shale Fm,South Africa,-28.7,25.3,2300,115,,SH,0.35,,Strauss 1992 17.5,,,
346,17154,Reivilo Formation ,Reivilo Shale Fm,South Africa,-28.7,25.3,2300,115,,SH,0.31,,Strauss 1992 17.5,,,
347,17155,Klipfonteinheuwel Formation ,Klipfonteinheuwel Fm,South Africa,-28.7,25.3,2325,116,,CH,0.13,,Strauss 1992 17.5,,,
348,17156,Gamohaan Formation ,Gamohaan Fm,South Africa,-28.7,25.3,2450,123,,CARB,0.27,,Strauss 1992 17.5,,,
349,17157,Gamohaan Formation ,Gamohaan Fm,South Africa,-28.7,25.3,2450,123,,CARB,0.25,,Strauss 1992 17.5,,,
350,17158,Gamohaan Formation ,Gamohaan Fm,South Africa,-28.7,25.3,2450,123,,CARB,0.26,,Strauss 1992 17.5,,,
351,17159,Gamohaan Formation ,Gamohaan Fm,South Africa,-28.7,25.3,2450,123,,CARB,0.28,,Strauss 1992 17.5,,,
352,17160,Gamohaan Formation ,Gamohaan Fm,South Africa,-28.7,25.3,2450,123,,CARB,0.26,,Strauss 1992 17.5,,,
353,17161,Gamohaan Formation ,Gamohaan Fm,South Africa,-28.7,25.3,2450,123,,SH,0.18,,Strauss 1992 17.5,,,
354,17162,Jeerinah Formation ,"Jeerinah Fm, Fortescue Gp",Australia,-23.7,134.1,2650,133,,SH,0.48,,Strauss 1992 17.5,,,
355,17163,Jeerinah Formation ,"Jeerinah Fm, Fortescue Gp",Australia,-23.7,134.1,2650,133,,SH,0.36,,Strauss 1992 17.5,,,
356,17164,Meentheena Carbonate Member ,Meentheena Mbr,Australia,-23.7,134.1,2750,138,,CH,0.22,,Strauss 1992 17.5,,,
357,17165,Tumbiana Formation ,"Tumbiana Fm, Fortescue Gp",Australia,-23.7,134.1,2750,138,,CARB,0.28,,Strauss 1992 17.5,,,
358,17166,Tumbiana Formation ,"Tumbiana Fm, Fortescue Gp",Australia,-23.7,134.1,2750,138,,SH,0.47,,Strauss 1992 17.5,,,
359,17167,Tumbiana Formation ,"Tumbiana Fm, Fortescue Gp",Australia,-23.7,134.1,2750,138,,CARB,0.32,,Strauss 1992 17.5,,,
360,17168,Kromberg Formation ,Kromberg Fm,South Africa,-28.7,25.3,3300,165,,CH,0.12,,Strauss 1992 17.5,,,
361,17169,Kromberg Formation ,Kromberg Fm,South Africa,-28.7,25.3,3300,165,,CH,0.14,,Strauss 1992 17.5,,,
362,17170,Kromberg Formation ,Kromberg Fm,South Africa,-28.7,25.3,3300,165,,CH,0.16,,Strauss 1992 17.5,,,
363,17171,Fig Tree Group ,Fig Tree Gp,South Africa,-28.7,25.3,3350,168,,CH,0.18,,Strauss 1992 17.5,,,
364,17172,Fig Tree Group ,Fig Tree Gp,South Africa,-28.7,25.3,3350,168,,CH,0.19,,Strauss 1992 17.5,,,
365,17173,Hooggenoeg Formation ,Hooggenoeg Fm,South Africa,-28.7,25.3,3450,173,,CH,0.2,,Strauss 1992 17.5,,,
366,17174,Theespruit Formation ,Theespruit Fm,South Africa,-28.7,25.3,3550,178,,CH,0.06,,Strauss 1992 17.5,,,
367,,Wonoka Formation,Wonoka Fm,Australia,-23.7,134.1,585,29,,CARB,0.47,1,Strauss 1992 17.10,,,
368,,Pertatataka Formation,Pertatataka Fm,Australia,-23.7,134.1,610,31,,SH,0.66,1,Strauss 1992 17.10,,,
369,,Khatyspyt Formation,Khatyspyt Fm,Russia,63.7,98.1,620,31,,SH,1.3,1,Strauss 1992 17.10,,,
370,,Boonall Dolomite,Boondall Dolomite,Australia,-23.7,134.1,640,32,,CARB,0.23,1,Strauss 1992 17.10,,,
371,,Brachina Formation,Brachina Fm,Australia,-23.7,134.1,650,33,,SH,0.11,3,Strauss 1992 17.10,,,
372,,Sheepbed Formation,Sheepbed Fm,Canada,59.6,-103.1,650,33,,SH,0.23,5,Strauss 1992 17.10,,,
373,,Umberatana Group,Umberatana Gp,Australia,-23.7,134.1,675,34,,CARB,0.49,1,Strauss 1992 17.10,,,
374,,Biri Formation,Biri Fm,Norway,65.9,13.6,700,35,,CARB,0.57,4,Strauss 1992 17.10,,,
375,,Luoquan Formation,Luoquan Fm,China,33.9,104.1,700,35,,SILT,0.31,3,Strauss 1992 17.10,,,
376,,Twitya Formation,Twitya Fm,Canada,59.6,-103.1,700,35,,SH,0.44,4,Strauss 1992 17.10,,,
377,,Tapley Hill Formation,"Tapley Hill Fm, Umberatana Gp",Australia,-23.7,134.1,750,38,,CARB,0.24,1,Strauss 1992 17.10,,,
378,,Tapley Hill Formation,"Tapley Hill Fm, Umberatana Gp",Australia,-23.7,134.1,750,38,,SH,0.12,24,Strauss 1992 17.10,,,
379,,Tindelpina Shale Member,Tindelpina Shale Mbr,Australia,-23.7,134.1,750,38,,SILT,0.18,1,Strauss 1992 17.10,,,
380,,Woocalla Dolomite Member,Woocalla Fm,Australia,-23.7,134.1,750,38,,SILT,0.6,1,Strauss 1992 17.10,,,
381,,Skillogalee Dolomite,Skillogalee Dolomite,Australia,-23.7,134.1,770,39,,CARB,0.1,1,Strauss 1992 17.10,,,
382,,Skillogalee Dolomite,Skillogalee Dolomite,Australia,-23.7,134.1,770,39,,CH,0.2,1,Strauss 1992 17.10,,,
383,,Skillogalee Dolomite,Skillogalee Dolomite,Australia,-23.7,134.1,770,39,,CH,0.31,1,Strauss 1992 17.10,,,
384,,Skillogalee Dolomite,Skillogalee Dolomite,Australia,-23.7,134.1,770,39,,CARB,0.23,4,Strauss 1992 17.10,,,
385,,River Wakefield Subgroup,River Wakefield Gp,Australia,-23.7,134.1,775,39,,CH,0.58,,Strauss 1992 17.10,,,
386,,Burra Group,Burra Gp,Australia,-23.7,134.1,800,40,,CH,0.17,,Strauss 1992 17.10,,,
387,,"Black Mudstone, Utah","Black Mudstone, Utah",USA,40.7,-96.2,830,42,,SH,0.1,1,Strauss 1992 17.10,,,
388,,Beck Spring Dolomite,Beck Springs Dolomite,USA,40.7,-96.2,850,43,,CARB,0.14,1,Strauss 1992 17.10,,,
389,,Bitter Springs Formation,Bitter Springs Fm,Australia,-23.7,134.1,850,43,,CARB,0.82,1,Strauss 1992 17.10,,,
390,,Bitter Springs Formation,Bitter Springs Fm,Australia,-23.7,134.1,850,43,,CH,0.1,1,Strauss 1992 17.10,,,
391,,Bitter Springs Formation,Bitter Springs Fm,Australia,-23.7,134.1,850,43,,CH,0.34,1,Strauss 1992 17.10,,,
392,,Bitter Springs Formation,Bitter Springs Fm,Australia,-23.7,134.1,850,43,,CARB,0.73,1,Strauss 1992 17.10,,,
393,,Bitter Springs Formation,Bitter Springs Fm,Australia,-23.7,134.1,850,43,,CARB,0.37,2,Strauss 1992 17.10,,,
394,,Kingston Peak Formation,Kingston Peak Fm,USA,40.7,-96.2,850,43,,CARB,0.27,1,Strauss 1992 17.10,,,
395,,Love's Creek Member,"Loves Creek Mbr, Bitter Springs Fm",Australia,-23.7,134.1,850,43,,CARB,0.35,1,Strauss 1992 17.10,,,
396,,Love's Creek Member,"Loves Creek Mbr, Bitter Springs Fm",Australia,-23.7,134.1,850,43,,CH,0.39,1,Strauss 1992 17.10,,,
397,,Walcott Member,Walcott Mbr,USA,40.7,-96.2,850,43,,CH,0.79,1,Strauss 1992 17.10,,,
398,,Walcott Member,Walcott Mbr,USA,40.7,-96.2,850,43,,SH,0.84,3,Strauss 1992 17.10,,,
399,,Walcott Member,Walcott Mbr,USA,40.7,-96.2,850,43,,CARB,0.78,2,Strauss 1992 17.10,,,
400,,Awatubi Member,"Awatubi Mbr, Chuar Gp",USA,40.7,-96.2,862,43,,SH,0.7,2,Strauss 1992 17.10,,,
401,,Carbon Canyon Member,Carbon Canyon Mbr,USA,40.7,-96.2,900,45,,SILT,0.64,1,Strauss 1992 17.10,,,
402,,Carbon Canyon Member,Carbon Canyon Mbr,USA,40.7,-96.2,900,45,,SILT,0.74,1,Strauss 1992 17.10,,,
403,,Jupiter Member,"Jupiter Mbr, Chuar Gp",USA,40.7,-96.2,930,47,,SH,0.57,4,Strauss 1992 17.10,,,
404,,Red Pine Shale,Red Pine Shale,USA,40.7,-96.2,950,48,,SH,0.65,2,Strauss 1992 17.10,,,
405,,Tanner Member,"Tanner Mbr, Chuar Gp",USA,40.7,-96.2,950,48,,SH,0.68,5,Strauss 1992 17.10,,,
406,,Allamoore Formation,Allamoore Fm,USA,40.7,-96.2,1050,53,,CH,0.31,1,Strauss 1992 17.10,,,
407,,Nonesuch Shale,Nonesuch Shale,USA,40.7,-96.2,1055,53,,SILT,0.53,1,Strauss 1992 17.10,,,
408,,Nonesuch Shale,Nonesuch Shale,USA,40.7,-96.2,1055,53,,SH,0.5,1,Strauss 1992 17.10,,,
409,,Hongshuizhuang Formation,Honghuizhuang Fm,China,33.9,104.1,1250,63,,SH,0.67,2,Strauss 1992 17.10,,,
410,,Wumishan Formation,Wumishan Fm,China,33.9,104.1,1325,66,,CH,0.54,1,Strauss 1992 17.10,,,
411,,McMinn Formation,"McMinn Fm, Roper Gp",Australia,-23.7,134.1,1340,67,,SH,0.56,3,Strauss 1992 17.10,,,
412,,McMinn Formation,"McMinn Fm, Roper Gp",Australia,-23.7,134.1,1340,67,,SH,1.17,1,Strauss 1992 17.10,,,
413,,McMinn Formation,"McMinn Fm, Roper Gp",Australia,-23.7,134.1,1340,67,,SH,0.7,6,Strauss 1992 17.10,,,
414,,McMinn Formation,"McMinn Fm, Roper Gp",Australia,-23.7,134.1,1340,67,,SILT,0.96,5,Strauss 1992 17.10,,,
415,,Lansen Creek Shale Member,Lansen Creek Shale Mbr,Australia,-23.7,134.1,1350,68,,SH,0.93,4,Strauss 1992 17.10,,,
416,,Velkerri Formation,"Velkerri Fm, Roper Gp",Australia,-23.7,134.1,1350,68,,SH,0.81,7,Strauss 1992 17.10,,,
417,,Yangzhuang Formation,Yangzhuang Fm,China,33.9,104.1,1350,68,,CH,0.49,1,Strauss 1992 17.10,,,
418,,Bungle Bungle Dolomite,Bungle Bungle Dolomite,Australia,-23.7,134.1,1364,68,,CARB,0.4,3,Strauss 1992 17.10,,,
419,,Bungle Bungle Dolomite,Bungle Bungle Dolomite,Australia,-23.7,134.1,1364,68,,CARB,0.3,2,Strauss 1992 17.10,,,
420,,Bungle Bungle Dolomite,Bungle Bungle Dolomite,Australia,-23.7,134.1,1364,68,,CH,0.31,1,Strauss 1992 17.10,,,
421,,Bungle Bungle Dolomite,Bungle Bungle Dolomite,Australia,-23.7,134.1,1364,68,,SH,0.45,1,Strauss 1992 17.10,,,
422,,Dismal Lakes Group,Dismal Lakes Gp,Canada,59.6,-103.1,1400,70,,CH,0.67,1,Strauss 1992 17.10,,,
423,,Greyson Shale,Greyson Shale,USA,40.7,-96.2,1420,71,,SILT,0.37,1,Strauss 1992 17.10,,,
424,,Gaoyuzhuang Formation,Gaoyuzhuang Fm,China,33.9,104.1,1425,71,,CH,0.45,2,Strauss 1992 17.10,,,
425,,Newland Limestone,"Newland Fm, Belt Sgp",USA,40.7,-96.2,1440,72,,SH,0.34,2,Strauss 1992 17.10,,,
426,,Balbirini Formation,"Balbirini Dolomite, Nathan Gp",Australia,-23.7,134.1,1482,74,,CARB,0.99,1,Strauss 1992 17.10,,,
427,,Yalco Formation,"Yalco Fm, McArthur Gp",Australia,-23.7,134.1,1485,74,,CARB,0.99,6,Strauss 1992 17.10,,,
428,,Lynott-Donnegan Member,"Lynott Fm, McArthur Gp",Australia,-23.7,134.1,1490,75,,SH,0.94,1,Strauss 1992 17.10,,,
429,,Barney Creek Formation,"Barney Creek Fm, McArthur Gp",Australia,-23.7,134.1,1500,75,,SH,1.03,19,Strauss 1992 17.10,,,
430,,HYC Pyritic Shale Member,"HYC Pyritic Shale Mbr, McArthur Gp",Australia,-23.7,134.1,1500,75,,SH,0.39,1,Strauss 1992 17.10,,,
431,,HYC Pyritic Shale Member,"HYC Pyritic Shale Mbr, McArthur Gp",Australia,-23.7,134.1,1500,75,,SH,0.64,1,Strauss 1992 17.10,,,
432,,Marimo Slate,Marimo Slate,Australia,-23.7,134.1,1500,75,,SH,0.05,1,Strauss 1992 17.10,,,
433,,Tooganinie Formation,"Tooganinie Fm, McArthur Gp",Australia,-23.7,134.1,1600,80,,CARB,0.65,1,Strauss 1992 17.10,,,
434,,Paradise Creek Formation,"Paradise Creek Fm, McNamara Gp",Australia,-23.7,134.1,1650,83,,CH,0.2,1,Strauss 1992 17.10,,,
435,,Urquhart Shale,Urquhart Shale,Australia,-23.7,134.1,1670,84,,SH,0.13,1,Strauss 1992 17.10,,,
436,,Urquhart Shale,Urquhart Shale,Australia,-23.7,134.1,1670,84,,SH,0.1,1,Strauss 1992 17.10,,,
437,,Urquhart Shale,Urquhart Shale,Australia,-23.7,134.1,1670,84,,SH,0.11,1,Strauss 1992 17.10,,,
438,,Tuanshanzi Formation,Tuanshanzi Fm,China,33.9,104.1,1750,88,,CARB,0.57,1,Strauss 1992 17.10,,,
439,,Earaheedy Group,Earaheedy Gp,Australia,-23.7,134.1,1800,90,,CARB,0.27,1,Strauss 1992 17.10,,,
440,,Chuanlinggou Formation,Chuanlinggou Fm,China,33.9,104.1,1850,93,,SH,0.41,3,Strauss 1992 17.10,,,
441,,Koolpin Formation,Koolpin Fm,Australia,-23.7,134.1,1885,94,,CH,0.17,1,Strauss 1992 17.10,,,
442,,Fontano Formation,Fontano Fm,Canada,59.6,-103.1,1900,95,,SH,0.14,1,Strauss 1992 17.10,,,
443,,Rove Formation,Rove Fm,USA,40.7,-96.2,1900,95,,SH,0.47,3,Strauss 1992 17.10,,,
444,,Rove Formation,Rove Fm,USA,40.7,-96.2,1900,95,,SH,0.41,1,Strauss 1992 17.10,,,
445,,Union Island Group,Union Island Gp,Canada,59.6,-103.1,1900,95,,SH,0.23,1,Strauss 1992 17.10,,,
446,,Rocknest Formation,"Rocknest Fm, Coronation Sgp",Canada,59.6,-103.1,1925,96,,CARB,0.2,5,Strauss 1992 17.10,,,
447,,Tyler Formation,Tyler Fm,USA,40.7,-96.2,1950,98,,SH,0.29,2,Strauss 1992 17.10,,,
448,,Duck Creek Dolomite,Duck Creek Dolomite,Australia,-23.7,134.1,2000,100,,CARB,0.14,1,Strauss 1992 17.10,,,
449,,Duck Creek Dolomite,Duck Creek Dolomite,Australia,-23.7,134.1,2000,100,,CH,0.32,1,Strauss 1992 17.10,,,
450,,Gunflint Iron Formation,Gunflint Iron Fm,Canada,59.6,-103.1,2090,105,,CH,0.41,4,Strauss 1992 17.10,,,
451,,Gunflint Iron Formation,Gunflint Iron Fm,Canada,59.6,-103.1,2090,105,,CARB,0.44,1,Strauss 1992 17.10,,,
452,,Gunflint Iron Formation,Gunflint Iron Fm,Canada,59.6,-103.1,2090,105,,CH,0.1,1,Strauss 1992 17.10,,,
453,,Gunflint Iron Formation,Gunflint Iron Fm,Canada,59.6,-103.1,2090,105,,CH,0.61,1,Strauss 1992 17.10,,,
454,,Albanel Formation,Albanel Fm,Canada,59.6,-103.1,2100,105,,CARB,0.14,1,Strauss 1992 17.10,,,
455,,McLeary Formation,McLeary Fm,Canada,59.6,-103.1,2100,105,,CH,0.26,1,Strauss 1992 17.10,,,
456,,Reivilo Formation,Reivilo Shale Fm,South Africa,-28.7,25.3,2300,115,,SH,0.26,3,Strauss 1992 17.10,,,
457,,Klipfonteinheuwel Formation,Klipfonteinheuwel Fm,South Africa,-28.7,25.3,2325,116,,CH,0.13,1,Strauss 1992 17.10,,,
458,,Malmani Subgroup,"Malmani Fm, Espanola Subgp",South Africa,-28.7,25.3,2400,120,,CARB,0.18,2,Strauss 1992 17.10,,,
459,,Gamonaan Formation,Gamohaan Fm,South Africa,-28.7,25.3,2450,123,,SH,0.18,1,Strauss 1992 17.10,,,
460,,Gamonaan Formation,Gamohaan Fm,South Africa,-28.7,25.3,2450,123,,CARB,0.26,5,Strauss 1992 17.10,,,
461,,Mt. McRae Shale,Mount McRae Shale,Australia,-23.7,134.1,2500,125,,SH,0.11,2,Strauss 1992 17.10,,,
462,,Wittenoom Dolomite,"Wittenoom Fm, Hamersley Gp",Australia,-23.7,134.1,2500,125,,SH,0.14,1,Strauss 1992 17.10,,,
463,,Bulawayan Group,Bulawayan Gp,Zimbabwe,-19.2,30.1,2600,130,,CARB,0.1,1,Strauss 1992 17.10,,,
464,,Manjeri Formation,"Manjeri Fm, Ngesi Gp",Zimbabwe,-19.2,30.1,2600,130,,CH,0.15,1,Strauss 1992 17.10,,,
465,,Steeprock Group,Steep Rock Gp,Canada,59.6,-103.1,2600,130,,CH,0.17,1,Strauss 1992 17.10,,,
466,,Jeerinah Formation,"Jeerinah Fm, Fortescue Gp",Australia,-23.7,134.1,2650,133,,SH,0.42,2,Strauss 1992 17.10,,,
467,,Jeerinah Formation,"Jeerinah Fm, Fortescue Gp",Australia,-23.7,134.1,2650,133,,SH,0.14,1,Strauss 1992 17.10,,,
468,,Ventersdorp Supergroup,Ventersdorp Sgp,South Africa,-28.7,25.3,2650,133,,CH,0.14,1,Strauss 1992 17.10,,,
469,,Witwatersrand Supergroup,Witwatersrand Sgp,South Africa,-28.7,25.3,2710,136,,Q,0.71,23,Strauss 1992 17.10,,,
470,,Meentheena Carbonate Member,Meentheena Mbr,Australia,-23.7,134.1,2750,138,,CH,0.22,1,Strauss 1992 17.10,,,
471,,Tumbiana Formation,"Tumbiana Fm, Fortescue Gp",Australia,-23.7,134.1,2750,138,,CH,0.25,1,Strauss 1992 17.10,,,
472,,Tumbiana Formation,"Tumbiana Fm, Fortescue Gp",Australia,-23.7,134.1,2750,138,,SH,0.47,1,Strauss 1992 17.10,,,
473,,Tumbiana Formation,"Tumbiana Fm, Fortescue Gp",Australia,-23.7,134.1,2750,138,,CARB,0.3,2,Strauss 1992 17.10,,,
474,,Fortescue Group,Fortescue Gp,Australia,-23.7,134.1,2800,140,,SH,0.43,1,Strauss 1992 17.10,,,
475,,Mozaan Group,Mozaan Gp,South Africa,-28.7,25.3,3000,150,,SH,0.11,1,Strauss 1992 17.10,,,
476,,Gorge Creek Group,Gorge Creek Gp,Australia,-23.7,134.1,3200,160,,SH,0.09,1,Strauss 1992 17.10,,,
477,,Kromberg Formation,Kromberg Fm,South Africa,-28.7,25.3,3300,165,,CH,0.14,3,Strauss 1992 17.10,,,
478,,Kromberg Formation,Kromberg Fm,South Africa,-28.7,25.3,3300,165,,CH,0.13,1,Strauss 1992 17.10,,,
479,,Fig Tree Group,Fig Tree Gp,South Africa,-28.7,25.3,3350,168,,CH,0.16,1,Strauss 1992 17.10,,,
480,,Fig Tree Group,Fig Tree Gp,South Africa,-28.7,25.3,3350,168,,CH,0.45,2,Strauss 1992 17.10,,,
481,,Fig Tree Group,Fig Tree Gp,South Africa,-28.7,25.3,3350,168,,CH,0.16,1,Strauss 1992 17.10,,,
482,,Fig Tree Group,Fig Tree Gp,South Africa,-28.7,25.3,3350,168,,CH,0.19,2,Strauss 1992 17.10,,,
483,,Fig Tree Group,Fig Tree Gp,South Africa,-28.7,25.3,3350,168,,CH,0.15,2,Strauss 1992 17.10,,,
484,,Towers Formation,Towers Fm,Australia,-23.7,134.1,3435,172,,CH,0.25,3,Strauss 1992 17.10,,,
485,,Hooggenoeg Formation,Hooggenoeg Fm,South Africa,-28.7,25.3,3450,173,,CH,0.12,1,Strauss 1992 17.10,,,
486,,Hooggenoeg Formation,Hooggenoeg Fm,South Africa,-28.7,25.3,3450,173,,CH,0.53,3,Strauss 1992 17.10,,,
487,,Hooggenoeg Formation,Hooggenoeg Fm,South Africa,-28.7,25.3,3450,173,,CH,0.2,1,Strauss 1992 17.10,,,
488,,Onverwacht Group,Onverwacht Gp,Zimbabwe,-19.2,30.1,3450,173,,CH,0.15,1,Strauss 1992 17.10,,,
489,,Onverwacht Group,Onverwacht Gp,Zimbabwe,-19.2,30.1,3450,173,,CH,0.59,11,Strauss 1992 17.10,,,
490,,Swartkoppie Formation,Swartkoppie Fm,South Africa,-28.7,25.3,3450,173,,CH,0.1,2,Strauss 1992 17.10,,,
491,,Swartkoppie Formation,Swartkoppie Fm,South Africa,-28.7,25.3,3450,173,,CH,0.3,1,Strauss 1992 17.10,,,
492,,Theespruit Formation,Theespruit Fm,South Africa,-28.7,25.3,3550,178,,CH,0.06,1,Strauss 1992 17.10,,,
493,,Theespruit Formation,Theespruit Fm,South Africa,-28.7,25.3,3550,178,,SH,0.02,1,Strauss 1992 17.10,,,
494,,Theespruit Formation,Theespruit Fm,South Africa,-28.7,25.3,3550,178,,CH,0.05,7,Strauss 1992 17.10,,,
495,,Isua Supergroup,Isua Sgp,Greenland,76.3,-41.5,3700,185,,BIF,0.02,1,Strauss 1992 17.10,,,
496,,Isua Supergroup,Isua Sgp,Greenland,76.3,-41.5,3700,185,,H,0.01,1,Strauss 1992 17.10,,,
497,17235,Khatyspyt Formation,Khatyspyt Fm,Russia,63.7,98.1,620,31,,SH,1.3,1,Strauss 1992 3.2.5,,,
498,17236,Boonall Dolomite,Boondall Dolomite,Australia,-23.7,134.1,640,32,,CARB,0.23,1,Strauss 1992 3.2.5,,,
499,17237,Sheepbed Formation,Sheepbed Fm,Canada,59.6,-103.1,650,33,,SH,0.23,5,Strauss 1992 3.2.5,,,
500,17238,Twitya Formation,Twitya Fm,Canada,59.6,-103.1,706,35,,SH,0.44,4,Strauss 1992 3.2.5,,,
501,17239,Luoquan Formation,Luoquan Fm,China,33.9,104.1,700,35,,SH,0.31,3,Strauss 1992 3.2.5,,,
502,17240,Biri Formation,Biri Fm,Norway,65.9,13.6,700,35,,CARB,0.57,4,Strauss 1992 3.2.5,,,
503,17241,Tindelpina Shale,Tindelpina Shale Mbr,Australia,-23.7,134.1,750,38,,SILT,0.18,1,Strauss 1992 3.2.5,,,
504,17242,Woocalla Dolomite,Woocalla Fm,Australia,-23.7,134.1,750,38,,SH,0.6,1,Strauss 1992 3.2.5,,,
505,17243,River Wakefield Subgroup,River Wakefield Gp,Australia,-23.7,134.1,775,39,,CH,0.82,2,Strauss 1992 3.2.5,,,
506,17244,Kingston Peak Formation,Kingston Peak Fm,USA,40.7,-96.2,850,43,,CARB,0.27,1,Strauss 1992 3.2.5,,,
507,17245,Beck Spring Dolomite,Beck Springs Dolomite,USA,40.7,-96.2,850,43,,CARB,0.14,1,Strauss 1992 3.2.5,,,
508,17246,Love's Creek Member,"Loves Creek Mbr, Bitter Springs Fm",Australia,-23.7,134.1,850,43,,CH,0.35,1,Strauss 1992 3.2.5,,,
509,17247,Love's Creek Member,"Loves Creek Mbr, Bitter Springs Fm",Australia,-23.7,134.1,850,43,,CARB,0.39,1,Strauss 1992 3.2.5,,,
510,17248,Walcott Member,Walcott Mbr,USA,40.7,-96.2,850,43,,3H,0.84,3,Strauss 1992 3.2.5,,,
511,17249,Walcott Member,Walcott Mbr,USA,40.7,-96.2,850,43,,CH,0.79,1,Strauss 1992 3.2.5,,,
512,17250,Walcott Member,Walcott Mbr,USA,40.7,-96.2,850,43,,CARB,0.78,2,Strauss 1992 3.2.5,,,
513,17251,Awatubi Member,"Awatubi Mbr, Chuar Gp",USA,40.7,-96.2,862,43,,SH,0.7,2,Strauss 1992 3.2.5,,,
514,17252,Carbon Canyon Member,Carbon Canyon Mbr,USA,40.7,-96.2,500,25,,SH,0.74,1,Strauss 1992 3.2.5,,,
515,17253,Carbon Canyon Member,Carbon Canyon Mbr,USA,40.7,-96.2,500,25,,CARB,0.64,1,Strauss 1992 3.2.5,,,
516,17254,Jupiter Member,"Jupiter Mbr, Chuar Gp",USA,40.7,-96.2,930,47,,SH,0.57,4,Strauss 1992 3.2.5,,,
517,17255,Red Pine Shale,Red Pine Shale,USA,40.7,-96.2,950,48,,SH,0.68,2,Strauss 1992 3.2.5,,,
518,17256,Tanner Member,"Tanner Mbr, Chuar Gp",USA,40.7,-96.2,950,48,,SH,0.53,4,Strauss 1992 3.2.5,,,
519,17257,Allamoore Formation,Allamoore Fm,USA,40.7,-96.2,1050,53,,CH,0.31,1,Strauss 1992 3.2.5,,,
520,17258,Nonesuch Shale,Nonesuch Shale,USA,40.7,-96.2,1055,53,,SILT,0.53,1,Strauss 1992 3.2.5,,,
521,17259,Hongshuizhuang Formation,Honghuizhuang Fm,China,33.9,104.1,1250,63,,SH,0.67,2,Strauss 1992 3.2.5,,,
522,17260,Wumishan Formation,Wumishan Fm,China,33.9,104.1,1325,66,,CH,0.54,1,Strauss 1992 3.2.5,,,
523,17261,McMinn Formation,"McMinn Fm, Roper Gp",Australia,-23.7,134.1,1340,67,,SILT,0.96,5,Strauss 1992 3.2.5,,,
524,17262,Yangzhuang Formation,Yangzhuang Fm,China,33.9,104.1,1350,68,,CH,0.49,1,Strauss 1992 3.2.5,,,
525,17263,Bungle Bungle Dolomite,Bungle Bungle Dolomite,Australia,-23.7,134.1,1364,68,,CARB,0.3,2,Strauss 1992 3.2.5,,,
526,17264,Dismal Lakes Group,Dismal Lakes Gp,Canada,59.6,-103.1,1400,70,,CH,0.67,1,Strauss 1992 3.2.5,,,
527,17265,Greyson Shale,Greyson Shale,USA,40.7,-96.2,1420,71,,SH,0.37,1,Strauss 1992 3.2.5,,,
528,17266,Gaoyuzhuang Formation,Gaoyuzhuang Fm,China,33.9,104.1,1425,71,,CH,0.45,2,Strauss 1992 3.2.5,,,
529,17267,Newland Limestone,"Newland Fm, Belt Sgp",USA,40.7,-96.2,1440,72,,SH,0.34,2,Strauss 1992 3.2.5,,,
530,17268,Urquhart Shale,Urquhart Shale,Australia,-23.7,134.1,1670,84,,SH,0.11,1,Strauss 1992 3.2.5,,,
531,17269,Tuanshanzi Formation,Tuanshanzi Fm,China,33.9,104.1,1750,88,,CARB,0.57,1,Strauss 1992 3.2.5,,,
532,17270,Chuanglinggou Formation,Chuanlinggou Fm,China,33.9,104.1,1850,93,,SH,0.41,3,Strauss 1992 3.2.5,,,
533,17271,Koolpin Formation,Koolpin Fm,Australia,-23.7,134.1,1885,94,,CH,0.17,1,Strauss 1992 3.2.5,,,
534,17272,Fontano Formation,Fontano Fm,Canada,59.6,-103.1,1900,95,,SH,0.14,1,Strauss 1992 3.2.5,,,
535,17273,Union Island Formation,Union Island Gp,Canada,59.6,-103.1,1900,95,,SH,0.23,1,Strauss 1992 3.2.5,,,
536,17274,Rove Formation,Rove Fm,USA,40.7,-96.2,1900,95,,SH,0.47,3,Strauss 1992 3.2.5,,,
537,17275,Rocknest Formation,"Rocknest Fm, Coronation Sgp",Canada,59.6,-103.1,1925,96,,CARB,0.2,5,Strauss 1992 3.2.5,,,
538,17276,Tyler Formation,Tyler Fm,USA,40.7,-96.2,1950,98,,SH,0.29,2,Strauss 1992 3.2.5,,,
539,17277,Gunflint Formation,Gunflint Iron Fm,Canada,59.6,-103.1,2090,105,,CH,0.41,4,Strauss 1992 3.2.5,,,
540,17278,Gunflint Formation,Gunflint Iron Fm,Canada,59.6,-103.1,2090,105,,CARB,0.44,1,Strauss 1992 3.2.5,,,
541,17279,Reivilo Formation,Reivilo Shale Fm,South Africa,-28.7,25.3,2300,115,,SH,0.26,3,Strauss 1992 3.2.5,,,
542,17280,Klipfonteinheuwel Formation,Klipfonteinheuwel Fm,South Africa,-28.7,25.3,2325,116,,CH,0.13,1,Strauss 1992 3.2.5,,,
543,17281,Gamohaan Formation,Gamohaan Fm,South Africa,-28.7,25.3,2450,123,,CARB,0.26,5,Strauss 1992 3.2.5,,,
544,17282,Gamohaan Formation,Gamohaan Fm,South Africa,-28.7,25.3,2450,123,,SH,0.18,1,Strauss 1992 3.2.5,,,
545,17283,Jeerinah Formation,"Jeerinah Fm, Fortescue Gp",Australia,-23.7,134.1,2650,133,,SH,0.42,2,Strauss 1992 3.2.5,,,
546,17284,Tumbiana Formation,"Tumbiana Fm, Fortescue Gp",Australia,-23.7,134.1,2750,138,,SH,0.47,1,Strauss 1992 3.2.5,,,
547,17285,Tumbiana Formation,"Tumbiana Fm, Fortescue Gp",Australia,-23.7,134.1,2750,138,,CARB,0.3,2,Strauss 1992 3.2.5,,,
548,17286,Tumbiana Formation,"Tumbiana Fm, Fortescue Gp",Australia,-23.7,134.1,2750,138,,CH,0.22,1,Strauss 1992 3.2.5,,,
549,17287,Kromberg Formation,Kromberg Fm,South Africa,-28.7,25.3,3300,165,,CH,0.14,3,Strauss 1992 3.2.5,,,
550,17288,Figtree Group,Fig Tree Gp,South Africa,-28.7,25.3,3350,168,,CH,0.19,2,Strauss 1992 3.2.5,,,
551,17289,Hooggenoeg Formation,Hooggenoeg Fm,South Africa,-28.7,25.3,3450,173,,CH,0.2,1,Strauss 1992 3.2.5,,,
552,17290,Theespruit Formation,Theespruit Fm,South Africa,-28.7,25.3,3550,178,,CH,0.06,1,Strauss 1992 3.2.5,,,
553,,Taiwan,"Unknown Fm, Taiwan",Taiwan,23.69,121.06,33,33,X,,0.78,,Lee and Sun 2013,,,Period Average
554,,Taiwan,"Unknown Fm, Taiwan",Taiwan,23.69,121.06,33,33,X,,1.04,,Lee and Sun 2013,,,Period Average
555,,Taiwan,"Unknown Fm, Taiwan",Taiwan,23.69,121.06,33,33,X,,0.89,,Lee and Sun 2013,,,Period Average
556,,Taiwan,"Unknown Fm, Taiwan",Taiwan,23.69,121.06,33,33,X,,1.18,,Lee and Sun 2013,,,Period Average
557,,Taiwan,"Unknown Fm, Taiwan",Taiwan,23.69,121.06,33,33,X,,1.36,,Lee and Sun 2013,,,Period Average
558,,Taiwan,"Unknown Fm, Taiwan",Taiwan,23.69,121.06,33,33,X,,1.08,,Lee and Sun 2013,,,Period Average
559,,Taiwan,"Unknown Fm, Taiwan",Taiwan,23.69,121.06,33,33,X,,1.86,,Lee and Sun 2013,,,Period Average
560,,Taiwan,"Unknown Fm, Taiwan",Taiwan,23.69,121.06,33,33,X,,0.9,,Lee and Sun 2013,,,Period Average
561,,Taiwan,"Unknown Fm, Taiwan",Taiwan,23.69,121.06,33,33,X,,0.9,,Lee and Sun 2013,,,Period Average
562,,Taiwan,"Unknown Fm, Taiwan",Taiwan,23.69,121.06,33,33,X,,0.8,,Lee and Sun 2013,,,Period Average
563,,Taiwan,"Unknown Fm, Taiwan",Taiwan,23.69,121.06,33,33,X,,0.85,,Lee and Sun 2013,,,Period Average
564,,Taiwan,"Unknown Fm, Taiwan",Taiwan,23.69,121.06,33,33,X,,1.07,,Lee and Sun 2013,,,Period Average
565,,Taiwan,"Unknown Fm, Taiwan",Taiwan,23.69,121.06,33,33,X,,1.1,,Lee and Sun 2013,,,Period Average
566,,Taiwan,"Unknown Fm, Taiwan",Taiwan,23.69,121.06,33,33,X,,0.77,,Lee and Sun 2013,,,Period Average
567,,Taiwan,"Unknown Fm, Taiwan",Taiwan,23.69,121.06,33,33,X,,0.68,,Lee and Sun 2013,,,Period Average
568,,Taiwan,"Unknown Fm, Taiwan",Taiwan,23.69,121.06,33,33,X,,0.56,,Lee and Sun 2013,,,Period Average
569,,Taiwan,"Unknown Fm, Taiwan",Taiwan,23.69,121.06,33,33,X,,1.04,,Lee and Sun 2013,,,Period Average
570,,Taiwan,"Unknown Fm, Taiwan",Taiwan,23.69,121.06,33,33,X,,1.07,,Lee and Sun 2013,,,Period Average
571,,Taiwan,"Unknown Fm, Taiwan",Taiwan,23.69,121.06,33,33,X,,0.94,,Lee and Sun 2013,,,Period Average
572,,Mainland China,"Unknown Fm, Mainland China",China,33.9,104.1,275,24,X,,0.16,,Lee and Sun 2013,,,Period Average
573,,Mainland China,"Unknown Fm, Mainland China",China,33.9,104.1,33,33,X,,1.36,,Lee and Sun 2013,,,Period Average
574,,Mainland China,"Unknown Fm, Mainland China",China,33.9,104.1,33,33,X,,1.44,,Lee and Sun 2013,,,Period Average
575,,Mainland China,"Unknown Fm, Mainland China",China,33.9,104.1,33,33,X,,1.43,,Lee and Sun 2013,,,Period Average
576,,Mainland China,"Unknown Fm, Mainland China",China,33.9,104.1,33,33,X,,0.84,,Lee and Sun 2013,,,Period Average
577,,Mainland China,"Unknown Fm, Mainland China",China,33.9,104.1,33,33,X,,0.96,,Lee and Sun 2013,,,Period Average
578,,Mainland China,"Unknown Fm, Mainland China",China,33.9,104.1,275,24,X,,1.18,,Lee and Sun 2013,,,Period Average
579,,Mainland China,"Unknown Fm, Mainland China",China,33.9,104.1,275,24,X,,1.27,,Lee and Sun 2013,,,Period Average
580,,Mainland China,"Unknown Fm, Mainland China",China,33.9,104.1,329,30,X,,1.38,,Lee and Sun 2013,,,Period Average
581,,Mainland China,"Unknown Fm, Mainland China",China,33.9,104.1,329,30,X,,0.89,,Lee and Sun 2013,,,Period Average
582,,Mainland China,"Unknown Fm, Mainland China",China,33.9,104.1,329,30,X,,0.74,,Lee and Sun 2013,,,Period Average
583,,Mainland China,"Unknown Fm, Mainland China",China,33.9,104.1,275,24,X,,0.7,,Lee and Sun 2013,,,Period Average
584,,Mainland China,"Unknown Fm, Mainland China",China,33.9,104.1,173,27,X,,0.77,,Lee and Sun 2013,,,Period Average
585,,Mainland China,"Unknown Fm, Mainland China",China,33.9,104.1,33,33,X,,,,Lee and Sun 2013,X,H/C = 6.68??? Removed,Period Average
586,,Mainland China,"Unknown Fm, Mainland China",China,33.9,104.1,275,24,X,,0.83,,Lee and Sun 2013,,,Period Average
587,,Australia,"Unknown Fm, Australia",Australia,-23.7,134.1,33,33,X,,0.25,,Lee and Sun 2013,,,Period Average
588,,Australia,"Unknown Fm, Australia",Australia,-23.7,134.1,33,33,X,,0.26,,Lee and Sun 2013,,,Period Average
589,,Australia,"Unknown Fm, Australia",Australia,-23.7,134.1,33,33,X,,0.7,,Lee and Sun 2013,,,Period Average
590,,Australia,"Unknown Fm, Australia",Australia,-23.7,134.1,106,40,X,,2.54,,Lee and Sun 2013,,,Period Average
591,,Australia,"Unknown Fm, Australia",Australia,-23.7,134.1,106,40,X,,1.85,,Lee and Sun 2013,,,Period Average
592,,Australia,"Unknown Fm, Australia",Australia,-23.7,134.1,106,40,X,,3.92,,Lee and Sun 2013,,,Period Average
593,,Australia,"Unknown Fm, Australia",Australia,-23.7,134.1,106,40,X,,3.88,,Lee and Sun 2013,,,Period Average
594,,Australia,"Unknown Fm, Australia",Australia,-23.7,134.1,173,27,X,,3.03,,Lee and Sun 2013,,,Period Average
595,,Australia,"Unknown Fm, Australia",Australia,-23.7,134.1,173,27,X,,2.11,,Lee and Sun 2013,,,Period Average
596,,Australia,"Unknown Fm, Australia",Australia,-23.7,134.1,173,27,X,,1.52,,Lee and Sun 2013,,,Period Average
597,,Australia,"Unknown Fm, Australia",Australia,-23.7,134.1,173,27,X,,1.48,,Lee and Sun 2013,,,Period Average
598,,Australia,"Unknown Fm, Australia",Australia,-23.7,134.1,173,27,X,,2.23,,Lee and Sun 2013,,,Period Average
599,,Australia,"Unknown Fm, Australia",Australia,-23.7,134.1,227,25,X,,2.77,,Lee and Sun 2013,,,Period Average
600,,Australia,"Unknown Fm, Australia",Australia,-23.7,134.1,275,24,X,,1.94,,Lee and Sun 2013,,,Period Average
601,,Australia,"Unknown Fm, Australia",Australia,-23.7,134.1,275,24,X,,1.75,,Lee and Sun 2013,,,Period Average
602,,Australia,"Unknown Fm, Australia",Australia,-23.7,134.1,275,24,X,,1.29,,Lee and Sun 2013,,,Period Average
603,,"Santa Barbara Basin, CA","Unknown Fm, Santa Barbara Basin, CA","Santa Barbara Basin, CA",34.2,-119.9,0.00,0.00,,SILT,1.18,,Pratt et al. 1995,,,
604,,"Santa Barbara Basin, CA","Unknown Fm, Santa Barbara Basin, CA","Santa Barbara Basin, CA",34.2,-119.9,0.00,0.00,,SILT,1.12,,Pratt et al. 1995,,,
605,,"Santa Barbara Basin, CA","Unknown Fm, Santa Barbara Basin, CA","Santa Barbara Basin, CA",34.2,-119.9,0.01,0.01,,SILT,1.143,,Pratt et al. 1995,,,
606,,"Santa Barbara Basin, CA","Unknown Fm, Santa Barbara Basin, CA","Santa Barbara Basin, CA",34.2,-119.9,0.01,0.01,,SILT,1.048,,Pratt et al. 1995,,,
607,,"Santa Barbara Basin, CA","Unknown Fm, Santa Barbara Basin, CA","Santa Barbara Basin, CA",34.2,-119.9,0.01,0.01,,SILT,0.837,,Pratt et al. 1995,,,
608,,"Santa Barbara Basin, CA","Unknown Fm, Santa Barbara Basin, CA","Santa Barbara Basin, CA",34.2,-119.9,0.01,0.01,,SILT,1.202,,Pratt et al. 1995,,,
609,,"Santa Barbara Basin, CA","Unknown Fm, Santa Barbara Basin, CA","Santa Barbara Basin, CA",34.2,-119.9,0.02,0.02,,SILT,0.921,,Pratt et al. 1995,,,
610,,"Santa Barbara Basin, CA","Unknown Fm, Santa Barbara Basin, CA","Santa Barbara Basin, CA",34.2,-119.9,0.03,0.03,,SILT,0.923,,Pratt et al. 1995,,,
611,,"Santa Barbara Basin, CA","Unknown Fm, Santa Barbara Basin, CA","Santa Barbara Basin, CA",34.2,-119.9,0.03,0.03,,SILT,1.041,,Pratt et al. 1995,,,
612,,"Santa Barbara Basin, CA","Unknown Fm, Santa Barbara Basin, CA","Santa Barbara Basin, CA",34.2,-119.9,0.03,0.04,,SILT,0.902,,Pratt et al. 1995,,,
613,,"Santa Barbara Basin, CA","Unknown Fm, Santa Barbara Basin, CA","Santa Barbara Basin, CA",34.2,-119.9,0.04,0.04,,SILT,0.94,,Pratt et al. 1995,,,
614,,"Santa Barbara Basin, CA","Unknown Fm, Santa Barbara Basin, CA","Santa Barbara Basin, CA",34.2,-119.9,0.04,0.04,,SILT,1.107,,Pratt et al. 1995,,,
615,,"Santa Barbara Basin, CA","Unknown Fm, Santa Barbara Basin, CA","Santa Barbara Basin, CA",34.2,-119.9,0.05,0.06,,SILT,1.085,,Pratt et al. 1995,,,
616,,"Santa Barbara Basin, CA","Unknown Fm, Santa Barbara Basin, CA","Santa Barbara Basin, CA",34.2,-119.9,0.06,0.07,,SILT,1.066,,Pratt et al. 1995,,,
617,,"Santa Barbara Basin, CA","Unknown Fm, Santa Barbara Basin, CA","Santa Barbara Basin, CA",34.2,-119.9,0.08,0.08,,SILT,1.122,,Pratt et al. 1995,,,
618,,"Santa Barbara Basin, CA","Unknown Fm, Santa Barbara Basin, CA","Santa Barbara Basin, CA",34.2,-119.9,0.09,0.10,,SILT,1.015,,Pratt et al. 1995,,,
619,,"Santa Barbara Basin, CA","Unknown Fm, Santa Barbara Basin, CA","Santa Barbara Basin, CA",34.2,-119.9,0.10,0.10,,SILT,1.115,,Pratt et al. 1995,,,
620,,"Santa Barbara Basin, CA","Unknown Fm, Santa Barbara Basin, CA","Santa Barbara Basin, CA",34.2,-119.9,0.11,0.11,,SILT,1.015,,Pratt et al. 1995,,,
621,,"Santa Barbara Basin, CA","Unknown Fm, Santa Barbara Basin, CA","Santa Barbara Basin, CA",34.2,-119.9,0.11,0.12,,SILT,0.981,,Pratt et al. 1995,,,
622,,"Santa Barbara Basin, CA","Unknown Fm, Santa Barbara Basin, CA","Santa Barbara Basin, CA",34.2,-119.9,0.12,0.12,,SILT,1.109,,Pratt et al. 1995,,,
623,,"Santa Barbara Basin, CA","Unknown Fm, Santa Barbara Basin, CA","Santa Barbara Basin, CA",34.2,-119.9,0.12,0.12,,SILT,1.157,,Pratt et al. 1995,,,
624,,"Santa Barbara Basin, CA","Unknown Fm, Santa Barbara Basin, CA","Santa Barbara Basin, CA",34.2,-119.9,0.13,0.13,,SILT,0.972,,Pratt et al. 1995,,,
625,,"Santa Barbara Basin, CA","Unknown Fm, Santa Barbara Basin, CA","Santa Barbara Basin, CA",34.2,-119.9,0.13,0.14,,SILT,1.159,,Pratt et al. 1995,,,
626,,"Santa Barbara Basin, CA","Unknown Fm, Santa Barbara Basin, CA","Santa Barbara Basin, CA",34.2,-119.9,0.13,0.14,,SILT,1.078,,Pratt et al. 1995,,,
627,,"Santa Barbara Basin, CA","Unknown Fm, Santa Barbara Basin, CA","Santa Barbara Basin, CA",34.2,-119.9,0.14,0.15,,SILT,0.971,,Pratt et al. 1995,,,
628,,"Santa Barbara Basin, CA","Unknown Fm, Santa Barbara Basin, CA","Santa Barbara Basin, CA",34.2,-119.9,0.14,0.15,,SILT,0.024,,Pratt et al. 1995,,,
629,,"Santa Barbara Basin, CA","Unknown Fm, Santa Barbara Basin, CA","Santa Barbara Basin, CA",34.2,-119.9,0.15,0.16,,SILT,1.131,,Pratt et al. 1995,,,
630,,"Santa Barbara Basin, CA","Unknown Fm, Santa Barbara Basin, CA","Santa Barbara Basin, CA",34.2,-119.9,0.16,0.16,,SILT,1.167,,Pratt et al. 1995,,,
631,,"Santa Barbara Basin, CA","Unknown Fm, Santa Barbara Basin, CA","Santa Barbara Basin, CA",34.2,-119.9,0.16,0.17,,SILT,1.053,,Pratt et al. 1995,,,
632,,"Zalesie Nowe,  Poland","Unknown Fm, Zalesie Nowe",Poland,53.1,22.5,420,21,,,0.95,,Delarue et al. 2018,X,Rock-Eval,
633,,"Farrel Quartzite,  Australia",Farrel Quartzite,Australia,-23.7,134.1,3000,150,,,0.42,,Delarue et al. 2018,X,Rock-Eval,
634,,"Farrel Quartzite,  Australia",Farrel Quartzite,Australia,-23.7,134.1,3000,150,,,0.55,,Delarue et al. 2018,X,Rock-Eval,
635,,"Farrel Quartzite,  Australia",Farrel Quartzite,Australia,-23.7,134.1,3000,150,,,0.38,,Delarue et al. 2018,X,Rock-Eval,
636,,"Farrel Quartzite,  Australia",Farrel Quartzite,Australia,-23.7,134.1,3000,150,,,0.31,,Delarue et al. 2018,X,Rock-Eval,
637,,"Farrel Quartzite,  Australia",Farrel Quartzite,Australia,-23.7,134.1,3000,150,,,0.3,,Delarue et al. 2018,X,Rock-Eval,
638,,"Farrel Quartzite,  Australia",Farrel Quartzite,Australia,-23.7,134.1,3000,150,,,0.85,,Delarue et al. 2018,X,Rock-Eval,
639,,"Farrel Quartzite,  Australia",Farrel Quartzite,Australia,-23.7,134.1,3000,150,,,0.24,,Delarue et al. 2018,X,Rock-Eval,
640,,"Kromberg,  South Africa",Kromberg Fm,South Africa,-28.7,25.3,3300,165,,,0.39,,Delarue et al. 2018,X,Rock-Eval,
641,,"Hoeggonoeg,  South Africa",Hooggenoeg Fm,South Africa,-28.7,25.3,3400,170,,,1.35,,Delarue et al. 2018,X,Rock-Eval,
642,,642 Sweden,Alum Shale,Sweden,63.3,16.6,489,23,,,1.03,,Birdwell and Washington 2015,X,fix this,
643,,"643 Colorado, U.S.","Anvil Points Mbr, Green River Fm",USA Colorado,39.7,-108.6,51,3,,,1.56,,Birdwell and Washington 2015,,,
644,,"644 Colorado, U.S.","Garden Gulch Mbr, Green River Fm",USA Colorado,39.7,-108.6,51,3,,,1.5,,Birdwell and Washington 2015,,,
645,,645 Israel,Ghareb Fm,Israel,30.92,34.77,84,18,,,1.39,,Birdwell and Washington 2015,,,
646,,646 Jordan,Ghareb Fm,Israel,30.92,34.77,84,18,,,1.35,,Birdwell and Washington 2015,X,Location even more approximate than usual,
647,,"647 Colorado, U.S.","Uinta Basin, Horse Draw Mine (?)",USA Colorado,39.7,-108.6,33,33,,,1.59,,Birdwell and Washington 2015,X,"Formation uncertain. Unita is Eocene, added uncertainty for all of Cenozoic",
648,,648 England,Kimmeridge Oil Shale,England,50.6,-2.2,155,3,,,1.2,,Birdwell and Washington 2015,,,
649,,"649 Indiana, U.S.",New Albany Shale,USA Colorado,39.7,-108.6,371,48,,,1.08,,Birdwell and Washington 2015,,,
650,,"650 Montana, U.S.",Phosphoria Fm,USA Montana,45.8,-112.5,286,14,,,1.14,,Birdwell and Washington 2015,,,
,6327,Boeryd succession,Boeryd Succession,Sweden,63.3,16.6,760,90,X,CAL,1.08,,PMCID 1.1a,,,
,6353,Boeryd succession,Boeryd Succession,Sweden,63.3,16.6,760,90,X,,0.45,,PMCID 1.1a,,,
,6691,Boeryd succession,Boeryd Succession,Sweden,63.3,16.6,760,90,X,"CAL, DOL",0.88,,PMCID 1.1a,,,
,6692,Boeryd succession,Boeryd Succession,Sweden,63.3,16.6,760,90,X,"CAL, DOL",0.69,,PMCID 1.1a,,,
,6693,Boeryd succession,Boeryd Succession,Sweden,63.3,16.6,760,90,X,"CAL, DOL",0.62,,PMCID 1.1a,,,
,6695,Boeryd succession,Boeryd Succession,Sweden,63.3,16.6,760,90,X,"CAL, DOL",1.06,,PMCID 1.1a,,,
,6697,Boeryd succession,Boeryd Succession,Sweden,63.3,16.6,760,90,X,"CAL, DOL",1.06,,PMCID 1.1a,,,
,6698,Boeryd succession,Boeryd Succession,Sweden,63.3,16.6,760,90,X,"CAL, DOL",1.06,,PMCID 1.1a,,,
,6699,Boeryd succession,Boeryd Succession,Sweden,63.3,16.6,760,90,X,"CAL, DOL",1.06,,PMCID 1.1a,,,
,6700,Boeryd succession,Boeryd Succession,Sweden,63.3,16.6,760,90,X,,1.7,,PMCID 1.1a,,,
,6701,Boeryd succession,Boeryd Succession,Sweden,63.3,16.6,760,90,X,,0.84,,PMCID 1.1a,,,
,6702,Boeryd succession,Boeryd Succession,Sweden,63.3,16.6,760,90,X,,1.28,,PMCID 1.1a,,,
,6703,Boeryd succession,Boeryd Succession,Sweden,63.3,16.6,760,90,X,,1.06,,PMCID 1.1a,,,
,6708,Boeryd succession,Boeryd Succession,Sweden,63.3,16.6,760,90,X,,0.66,,PMCID 1.1a,,,
,6709,Boeryd succession,Boeryd Succession,Sweden,63.3,16.6,760,90,X,,1.32,,PMCID 1.1a,,,
,6711,Boeryd succession,Boeryd Succession,Sweden,63.3,16.6,760,90,X,,0.89,,PMCID 1.1a,,,
,6712,Boeryd succession,Boeryd Succession,Sweden,63.3,16.6,760,90,X,,1.01,,PMCID 1.1a,,,
,6713,Boeryd succession,Boeryd Succession,Sweden,63.3,16.6,760,90,X,,0.97,,PMCID 1.1a,,,
,6714,Boeryd succession,Boeryd Succession,Sweden,63.3,16.6,760,90,X,,1.07,,PMCID 1.1a,,,
,6715,Boeryd succession,Boeryd Succession,Sweden,63.3,16.6,760,90,X,,0.92,,PMCID 1.1a,,,
,6716,Boeryd succession,Boeryd Succession,Sweden,63.3,16.6,760,90,X,,0.45,,PMCID 1.1a,,,
,6717,Boeryd succession,Boeryd Succession,Sweden,63.3,16.6,760,90,X,,0.69,,PMCID 1.1a,,,
,6718,Boeryd succession,Boeryd Succession,Sweden,63.3,16.6,760,90,X,,1.56,,PMCID 1.1a,,,
,6719,Boeryd succession,Boeryd Succession,Sweden,63.3,16.6,760,90,X,"CAL, DOL",1.84,,PMCID 1.1a,,,
,6722,Boeryd succession,Boeryd Succession,Sweden,63.3,16.6,760,90,X,,0.57,,PMCID 1.1a,,,
,6723,Boeryd succession,Boeryd Succession,Sweden,63.3,16.6,760,90,X,"CAL, DOL",0.93,,PMCID 1.1a,,,
,6728,Boeryd succession,Boeryd Succession,Sweden,63.3,16.6,760,90,X,,1.05,,PMCID 1.1a,,,
,6730,Boeryd succession,Boeryd Succession,Sweden,63.3,16.6,760,90,X,,0.73,,PMCID 1.1a,,,
,6731,Boeryd succession,Boeryd Succession,Sweden,63.3,16.6,760,90,X,,0.91,,PMCID 1.1a,,,
,6733,Boeryd succession,Boeryd Succession,Sweden,63.3,16.6,760,90,X,,0.9,,PMCID 1.1a,,,
,6734,Boeryd succession,Boeryd Succession,Sweden,63.3,16.6,760,90,X,"CAL, DOL",0.64,,PMCID 1.1a,,,
,16925,Que River Beds,Que River Beds,Australia,-23.7,134.1,520,26,,SH,0.2,,McKirdy and Powell 74,,,
,16926,Inca Formation,Inca Fm,Australia,-23.7,134.1,530,27,,LS,0.71,,McKirdy and Powell 74,,,
,16927,Beetle Creek Formation,Beetle Creek Fm,Australia,-23.7,134.1,530,27,,LS,0.87,,McKirdy and Powell 74,,,
,16928,Moodlatana Formation,Moodlatana Fm,Australia,-23.7,134.1,535,27,,LS,0.67,,McKirdy and Powell 74,,,
,16929,Emu Bay Shale,Emu Bay Shale,Australia,-23.7,134.1,545,27,,SH,0.48,,McKirdy and Powell 74,,,
,16930,Heatherdale Shale,Heatherdale Shale,Australia,-23.7,134.1,560,28,,SH,0.19,,McKirdy and Powell 74,,,
,16931,Parara Limestone,Parara Limestone,Australia,-23.7,134.1,565,28,,LS,0.5,,McKirdy and Powell 74,,,
,16932,Wilkawillina Limestone,Wilkawillina Limestone,Australia,-23.7,134.1,565,28,,LS,0.53,,McKirdy and Powell 74,,,
,16933,Brachina Formation,Brachina Fm,Australia,-23.7,134.1,650,50,X,SH,0.15,,McKirdy and Powell 74,,,
,16934,Brachina Formation,Brachina Fm,Australia,-23.7,134.1,650,50,X,SH,0.11,,McKirdy and Powell 74,,,
,16935,Brachina Formation,Brachina Fm,Australia,-23.7,134.1,650,50,X,SH,0.06,,McKirdy and Powell 74,,,
,16936,Tindelpina Shale Mbr,Tindelpina Shale Mbr,Australia,-23.7,134.1,650,33,,SH,0.14,,McKirdy and Powell 74,,,
,16937,Tapley Hill Formation,"Tapley Hill Fm, Umberatana Gp",Australia,-23.7,134.1,700,35,,SH,0.15,,McKirdy and Powell 74,,,
,16938,Tapley Hill Formation,"Tapley Hill Fm, Umberatana Gp",Australia,-23.7,134.1,700,35,,SH,0.18,,McKirdy and Powell 74,,,
,16939,Tapley Hill Formation,"Tapley Hill Fm, Umberatana Gp",Australia,-23.7,134.1,700,35,,SH,0.25,,McKirdy and Powell 74,,,
,16940,Tapley Hill Formation,"Tapley Hill Fm, Umberatana Gp",Australia,-23.7,134.1,700,35,,SH,0.09,,McKirdy and Powell 74,,,
,16941,"Gillen Mbr, Bitter Springs Formation","Gillen Mbr, Bitter Springs Fm",Australia,-23.7,134.1,900,45,,DOL,0.73,,McKirdy and Powell 74,,,
,16942,Skillogalee Dolomite,Skillogalee Dolomite,Australia,-23.7,134.1,1000,50,,DOL,0.1,,McKirdy and Powell 74,,,
,16943,"Kyalla Mbr, McMinn Formation","Kyalla Mbr, McMinn Fm",Australia,-23.7,134.1,1400,70,,SH,1.17,,McKirdy and Powell 74,,,
,16944,Urquhart Shale,Urquhart Shale,Australia,-23.7,134.1,1500,75,,SH,0.13,,McKirdy and Powell 74,,,
,16945,Marimo Slate,Marimo Slate,Australia,-23.7,134.1,1500,75,,SH,0.05,,McKirdy and Powell 74,,,
,16946,"HYC Pyritic Shale Mbr, Barney Creek Formation","HYC Pyritic Shale Mbr, McArthur Gp",Australia,-23.7,134.1,1600,80,,SH,0.64,,McKirdy and Powell 74,,,
,16947,Golden Dyke Formation,Golden Dyke Fm,Australia,-23.7,134.1,1900,1000,X,SH,0.04,,McKirdy and Powell 74,X,Revisit age and uncertainty,
,16948,Hooggenoeg,Hooggenoeg Fm,South Africa,-28.7,25.3,3472,10,X,,0.41,,McKirdy and Powell 74,,,
,16949,Hooggenoeg,Hooggenoeg Fm,South Africa,-28.7,25.3,3472,10,X,,0.69,,McKirdy and Powell 74,,,
,16950,Hooggenoeg,Hooggenoeg Fm,South Africa,-28.7,25.3,3472,10,X,,0.43,,McKirdy and Powell 74,,,
,16951,Hooggenoeg,Hooggenoeg Fm,South Africa,-28.7,25.3,3472,10,X,,0.58,,McKirdy and Powell 74,,,
,16952,Theespruit,Theespruit Fm,South Africa,-28.7,25.3,3520,18,X,,0.09,,McKirdy and Powell 74,,,
,16953,Theespruit,Theespruit Fm,South Africa,-28.7,25.3,3520,18,X,,0.04,,McKirdy and Powell 74,,,
,16954,Theespruit,Theespruit Fm,South Africa,-28.7,25.3,3520,18,X,,0.04,,McKirdy and Powell 74,,,
,16955,Theespruit,Theespruit Fm,South Africa,-28.7,25.3,3520,18,X,,0.03,,McKirdy and Powell 74,,,
,16956,Theespruit,Theespruit Fm,South Africa,-28.7,25.3,3520,18,X,,0.05,,McKirdy and Powell 74,,,
,16957,Theespruit,Theespruit Fm,South Africa,-28.7,25.3,3520,18,X,,0.05,,McKirdy and Powell 74,,,
,16958,Theespruit,Theespruit Fm,South Africa,-28.7,25.3,3520,18,X,,0.04,,McKirdy and Powell 74,,,
,16959,Uinta Basin,Uinta Basin,USA,40.7,-96.2,55,11,X,,1.51,,Redding et al. 80,,,
,16960,Uinta Basin,Uinta Basin,USA,40.7,-96.2,55,11,X,,1.37,,Redding et al. 80,,,
,16961,Uinta Basin,Uinta Basin,USA,40.7,-96.2,55,11,X,,1.06,,Redding et al. 80,,,
,16962,Uinta Basin,Uinta Basin,USA,40.7,-96.2,55,11,X,,0.73,,Redding et al. 80,,,
,16963,Uinta Basin,Uinta Basin,USA,40.7,-96.2,55,11,X,,0.48,,Redding et al. 80,,,
,16964,Paris Basin,Paris Basin,France,46.9,3.1,199,53,X,,1.31,,Redding et al. 80,,,
,16965,Paris Basin,Paris Basin,France,46.9,3.1,199,53,X,,1.14,,Redding et al. 80,,,
,16966,Paris Basin,Paris Basin,France,46.9,3.1,199,53,X,,1.01,,Redding et al. 80,,,
,16967,Posidonia Shale NW Germany,Posidonia Shale,Germany,50.95,10.16,183,2,X,SH,0.69,,Redding et al. 80,,,
,16968,Posidonia Shale NW Germany,Posidonia Shale,Germany,50.95,10.16,183,2,X,SH,0.56,,Redding et al. 80,,,
,16969,Douala Basin,Douala Basin,Cameroon,5.21,12.67,29,27,X,,0.82,,Redding et al. 80,,,
,16970,Douala Basin,Douala Basin,Cameroon,5.21,12.67,29,27,X,,0.79,,Redding et al. 80,,,
,16971,Douala Basin,Douala Basin,Cameroon,5.21,12.67,29,27,X,,0.71,,Redding et al. 80,,,
,16972,Douala Basin,Douala Basin,Cameroon,5.21,12.67,29,27,X,,0.55,,Redding et al. 80,,,
,16973,Douala Basin,Douala Basin,Cameroon,5.21,12.67,29,27,X,,0.4,,Redding et al. 80,,,
