key,formation,std fm name,country,specific location,lat,long,coordinate uncertainty,coordinate source,location reference,age,age uncertainty,age reference,lithology,std lithology,hc,n,reference,internal reference,filter,reason,flag,comments
3321,Khatyspyt Formation ,Khatyspyt Fm,Russia,,61.53,-74.69,94.33,Wikipedia,,550,20,Legacy: ,SH,,1.3,1,Schopf and Klein 1992,,,,,
3322,Boonall Dolomite ,"Boonall Dolomite, Albert Edward Gp",Australia,,-27.17,133.4,20.24,Geoscience Australia,,640,,Legacy: Schopf and Klein 1992,CARB,,0.23,1,Schopf and Klein 1992,,,,,
3323,Sheepbed Formation ,"Sheepbed Fm, Rackla Gp",Canada,,56.96,-98.31,42.69,Wikipedia,,604.1,34.2,Rooney et al. 2020; Rooney et al. 2015,SH,,0.23,1,Schopf and Klein 1992,,,,,
3324,Sheepbed Formation ,"Sheepbed Fm, Rackla Gp",Canada,,56.96,-98.31,42.69,Wikipedia,,604.1,34.2,Rooney et al. 2020; Rooney et al. 2015,SH,,0.22,1,Schopf and Klein 1992,,,,,
3325,Sheepbed Formation ,"Sheepbed Fm, Rackla Gp",Canada,,56.96,-98.31,42.69,Wikipedia,,604.1,34.2,Rooney et al. 2020; Rooney et al. 2015,SH,,0.22,1,Schopf and Klein 1992,,,,,
3326,Sheepbed Formation ,"Sheepbed Fm, Rackla Gp",Canada,,56.96,-98.31,42.69,Wikipedia,,604.1,34.2,Rooney et al. 2020; Rooney et al. 2015,SH,,0.23,1,Schopf and Klein 1992,,,,,
3327,Sheepbed Formation ,"Sheepbed Fm, Rackla Gp",Canada,,56.96,-98.31,42.69,Wikipedia,,604.1,34.2,Rooney et al. 2020; Rooney et al. 2015,SH,,0.25,1,Schopf and Klein 1992,,,,,
3328,Biri Formation ,Biri Fm,Norway,,64.56,17.84,13.34,Google Maps,,700,,Legacy: Schopf and Klein 1992,CARB,,0.69,1,Schopf and Klein 1992,,,,,
3329,Biri Formation ,Biri Fm,Norway,,64.56,17.84,13.34,Google Maps,,700,,Legacy: Schopf and Klein 1992,CARB,,0.53,1,Schopf and Klein 1992,,,,,
3330,Biri Formation ,Biri Fm,Norway,,64.56,17.84,13.34,Google Maps,,700,,Legacy: Schopf and Klein 1992,CARB,,0.58,1,Schopf and Klein 1992,,,,,
3331,Biri Formation ,Biri Fm,Norway,,64.56,17.84,13.34,Google Maps,,700,,Legacy: Schopf and Klein 1992,CARB,,0.47,1,Schopf and Klein 1992,,,,,
3332,Luoquan Formation ,Luoquan Fm,China,,36.89,104.13,30.62,Wikipedia; Google Maps,,700,,Legacy: Schopf and Klein 1992,SILT,,0.26,1,Schopf and Klein 1992,,,,,
3333,Luoquan Formation ,Luoquan Fm,China,,36.89,104.13,30.62,Wikipedia; Google Maps,,700,,Legacy: Schopf and Klein 1992,SILT,,0.31,1,Schopf and Klein 1992,,,,,
3334,Luoquan Formation ,Luoquan Fm,China,,36.89,104.13,30.62,Wikipedia; Google Maps,,700,,Legacy: Schopf and Klein 1992,SILT,,0.36,1,Schopf and Klein 1992,,,,,
3335,Twitya Formation ,"Twitya Fm, Hay Creek Gp",Canada,,56.96,-98.31,42.69,Wikipedia,,653,13,Macdonald et al. 2013; Macdonald et al. 2018; Hoffman et al. 2021 Earth Science Reviews; Rooney et al. 2014,SH,,0.41,1,Schopf and Klein 1992,,,,,
3336,Twitya Formation ,"Twitya Fm, Hay Creek Gp",Canada,,56.96,-98.31,42.69,Wikipedia,,653,13,Macdonald et al. 2013; Macdonald et al. 2018; Hoffman et al. 2021 Earth Science Reviews; Rooney et al. 2014,SH,,0.41,1,Schopf and Klein 1992,,,,,
3337,Twitya Formation ,"Twitya Fm, Hay Creek Gp",Canada,,56.96,-98.31,42.69,Wikipedia,,653,13,Macdonald et al. 2013; Macdonald et al. 2018; Hoffman et al. 2021 Earth Science Reviews; Rooney et al. 2014,SH,,0.39,1,Schopf and Klein 1992,,,,,
3338,Twitya Formation ,"Twitya Fm, Hay Creek Gp",Canada,,56.96,-98.31,42.69,Wikipedia,,653,13,Macdonald et al. 2013; Macdonald et al. 2018; Hoffman et al. 2021 Earth Science Reviews; Rooney et al. 2014,SH,,0.55,1,Schopf and Klein 1992,,,,,
3339,Tindelpina Shale Member ,"Tindelpina Shale Mbr, Tapley Hill Fm, Nepouie Subgp, Umberatana Gp",Australia,,-27.17,133.4,20.24,Geoscience Australia,,643,2.4,Kendall et al. 2006 in Lloyd et al. 2020,SILT,,0.18,1,Schopf and Klein 1992,,,,,
3340,Woocalla Dolomite Member ,"Woocalla Dolomite Mbr, Tapley Hill Fm, Nepouie Subgp, Umberatana Gp",Australia,,-27.17,133.4,20.24,Geoscience Australia,,654,14,Letche and Wallace 2015; Hoffman et al. 2021 Earth Science Revews; Kendall et al. 2006 in Lloyd et al. 2020,SILT,,0.6,1,Schopf and Klein 1992,,,,,
3341,River Wakefield Subgroup ,"River Wakefield Fm, Emeroo Subgp, Burra Gp",Australia,,-27.17,133.4,20.24,Geoscience Australia,,799,19,Lloyd et al. 2020; Preiss et al. 2008 in Lloyd et al. 2020,CH,,0.82,1,Schopf and Klein 1992,,,,,
3342,River Wakefield Subgroup ,"River Wakefield Fm, Emeroo Subgp, Burra Gp",Australia,,-27.17,133.4,20.24,Geoscience Australia,,799,19,Lloyd et al. 2020; Preiss et al. 2008 in Lloyd et al. 2020,CH,,0.33,1,Schopf and Klein 1992,,,,,
3343,Beck Spring Dolomite ,Beck Spring Dolomite,USA,,37.25,-95.84,28.89,Wikipedia,,850,,Legacy: Schopf and Klein 1992,CARB,,0.14,1,Schopf and Klein 1992,,,,,
3344,Kingston Peak Formation ,Kingston Peak Fm,USA,,37.25,-95.84,28.89,Wikipedia,,850,,Legacy: Schopf and Klein 1992,CARB,,0.27,1,Schopf and Klein 1992,,,,,
3345,Love's Creek Member ,"Loves Creek Fm, Bitter Springs Gp",Australia,,-27.17,133.4,20.24,Geoscience Australia,,870,50,Glikerson et al. 1996 in Normington and Donnellan 2020; Kositcin et al. 2015 in Normington and Donnellan 2020,CARB,,0.35,1,Schopf and Klein 1992,,,,,
3346,Love's Creek Member ,"Loves Creek Fm, Bitter Springs Gp",Australia,,-27.17,133.4,20.24,Geoscience Australia,,870,50,Glikerson et al. 1996 in Normington and Donnellan 2020; Kositcin et al. 2015 in Normington and Donnellan 2020,CH,,0.39,1,Schopf and Klein 1992,,,,,
3347,Walcott Member ,"Walcott Mbr, Kwagunt Fm, Chuar Gp",Australia,,-27.17,133.4,20.24,Geoscience Australia,,850,,Legacy: Schopf and Klein 1992,SH,,0.84,1,Schopf and Klein 1992,,,,,
3348,Walcott Member ,"Walcott Mbr, Kwagunt Fm, Chuar Gp",Australia,,-27.17,133.4,20.24,Geoscience Australia,,850,,Legacy: Schopf and Klein 1992,CARB,,0.87,1,Schopf and Klein 1992,,,,,
3349,Walcott Member ,"Walcott Mbr, Kwagunt Fm, Chuar Gp",Australia,,-27.17,133.4,20.24,Geoscience Australia,,850,,Legacy: Schopf and Klein 1992,SH,,0.91,1,Schopf and Klein 1992,,,,,
3350,Walcott Member ,"Walcott Mbr, Kwagunt Fm, Chuar Gp",Australia,,-27.17,133.4,20.24,Geoscience Australia,,850,,Legacy: Schopf and Klein 1992,SH,,0.77,1,Schopf and Klein 1992,,,,,
3351,Walcott Member ,"Walcott Mbr, Kwagunt Fm, Chuar Gp",Australia,,-27.17,133.4,20.24,Geoscience Australia,,850,,Legacy: Schopf and Klein 1992,CARB,,0.69,1,Schopf and Klein 1992,,,,,
3352,Walcott Member ,"Walcott Mbr, Kwagunt Fm, Chuar Gp",Australia,,-27.17,133.4,20.24,Geoscience Australia,,850,,Legacy: Schopf and Klein 1992,CH,,0.79,1,Schopf and Klein 1992,,,,,
3353,Awatubi Member ,"Awatubi Mbr, Kwagunt Fm, Chuar Gp",USA,,37.25,-95.84,28.89,Wikipedia,,862,,Legacy: Schopf and Klein 1992,SH,,0.6,1,Schopf and Klein 1992,,,,,
3354,Awatubi Member ,"Awatubi Mbr, Kwagunt Fm, Chuar Gp",USA,,37.25,-95.84,28.89,Wikipedia,,862,,Legacy: Schopf and Klein 1992,SH,,0.79,1,Schopf and Klein 1992,,,,,
3355,Carbon Canyon Member ,"Carbon Canyon Mbr, Galeros Fm, Chuar Gp",USA,,37.25,-95.84,28.89,Wikipedia,,900,,Legacy: Schopf and Klein 1992,SILT,,0.74,1,Schopf and Klein 1992,,,,,
3356,Carbon Canyon Member ,"Carbon Canyon Mbr, Galeros Fm, Chuar Gp",USA,,37.25,-95.84,28.89,Wikipedia,,900,,Legacy: Schopf and Klein 1992,CARB,,0.64,1,Schopf and Klein 1992,,,,,
3357,Jupiter Member ,"Jupiter Mbr, Galeros Fm, Chuar Gp",USA,,37.25,-95.84,28.89,Wikipedia,,930,,Legacy: Schopf and Klein 1992,SH,,0.5,1,Schopf and Klein 1992,,,,,
3358,Jupiter Member ,"Jupiter Mbr, Galeros Fm, Chuar Gp",USA,,37.25,-95.84,28.89,Wikipedia,,930,,Legacy: Schopf and Klein 1992,SH,,0.66,1,Schopf and Klein 1992,,,,,
3359,Jupiter Member ,"Jupiter Mbr, Galeros Fm, Chuar Gp",USA,,37.25,-95.84,28.89,Wikipedia,,930,,Legacy: Schopf and Klein 1992,SH,,0.49,1,Schopf and Klein 1992,,,,,
3360,Jupiter Member ,"Jupiter Mbr, Galeros Fm, Chuar Gp",USA,,37.25,-95.84,28.89,Wikipedia,,930,,Legacy: Schopf and Klein 1992,SH,,0.63,1,Schopf and Klein 1992,,,,,
3361,Red Pine Shale ,Red Pine Shale,USA,,37.25,-95.84,28.89,Wikipedia,,950,,Legacy: Schopf and Klein 1992,SH,,0.68,1,Schopf and Klein 1992,,,,,
3362,Red Pine Shale ,Red Pine Shale,USA,,37.25,-95.84,28.89,Wikipedia,,950,,Legacy: Schopf and Klein 1992,SH,,0.62,1,Schopf and Klein 1992,,,,,
3363,Tanner Member ,"Tanner Mbr, Galeros Fm, Chuar Gp",USA,,37.25,-95.84,28.89,Wikipedia,,950,,Legacy: Schopf and Klein 1992,SH,,0.51,1,Schopf and Klein 1992,,,,,
3364,Tanner Member ,"Tanner Mbr, Galeros Fm, Chuar Gp",USA,,37.25,-95.84,28.89,Wikipedia,,950,,Legacy: Schopf and Klein 1992,SH,,0.55,1,Schopf and Klein 1992,,,,,
3365,Tanner Member ,"Tanner Mbr, Galeros Fm, Chuar Gp",USA,,37.25,-95.84,28.89,Wikipedia,,950,,Legacy: Schopf and Klein 1992,SH,,1.3,1,Schopf and Klein 1992,,,,,
3366,Tanner Member ,"Tanner Mbr, Galeros Fm, Chuar Gp",USA,,37.25,-95.84,28.89,Wikipedia,,950,,Legacy: Schopf and Klein 1992,SH,,0.55,1,Schopf and Klein 1992,,,,,
3367,Tanner Member ,"Tanner Mbr, Galeros Fm, Chuar Gp",USA,,37.25,-95.84,28.89,Wikipedia,,950,,Legacy: Schopf and Klein 1992,SH,,0.51,1,Schopf and Klein 1992,,,,,
3368,Allamoore Formation ,Allamoore Fm,USA,,37.25,-95.84,28.89,Wikipedia,,1050,,Legacy: Schopf and Klein 1992,CH,,0.31,1,Schopf and Klein 1992,,,,,
3369,Nonesuch Shale ,Nonesuch Shale,USA,,37.25,-95.84,28.89,Wikipedia,,1040,78,Cumming et al. 2013,SILT,,0.53,1,Schopf and Klein 1992,,,,,
3370,Hongshuizhuang Formation ,Honghuizhuang Fm,China,,36.89,104.13,30.62,Wikipedia; Google Maps,,1250,,Legacy: Schopf and Klein 1992,SH,,0.71,1,Schopf and Klein 1992,,,,,
3371,Hongshuizhuang Formation ,Honghuizhuang Fm,China,,36.89,104.13,30.62,Wikipedia; Google Maps,,1250,,Legacy: Schopf and Klein 1992,SH,,0.62,1,Schopf and Klein 1992,,,,,
3372,Wumishan Formation ,Wumishan Fm,China,,36.89,104.13,30.62,Wikipedia; Google Maps,,1325,,Legacy: Schopf and Klein 1992,CH,,0.54,1,Schopf and Klein 1992,,,,,
3373,McMinn Formation ,"McMinn Fm, Roper Gp",Australia,,-27.17,133.4,20.24,Geoscience Australia,,1340,,Legacy: Schopf and Klein 1992,SILT,,1.13,1,Schopf and Klein 1992,,,,,
3374,McMinn Formation ,"McMinn Fm, Roper Gp",Australia,,-27.17,133.4,20.24,Geoscience Australia,,1340,,Legacy: Schopf and Klein 1992,SILT,,1.19,1,Schopf and Klein 1992,,,,,
3375,McMinn Formation ,"McMinn Fm, Roper Gp",Australia,,-27.17,133.4,20.24,Geoscience Australia,,1340,,Legacy: Schopf and Klein 1992,SILT,,1.13,1,Schopf and Klein 1992,,,,,
3376,McMinn Formation ,"McMinn Fm, Roper Gp",Australia,,-27.17,133.4,20.24,Geoscience Australia,,1340,,Legacy: Schopf and Klein 1992,SILT,,0.3,1,Schopf and Klein 1992,,,,,
3377,McMinn Formation ,"McMinn Fm, Roper Gp",Australia,,-27.17,133.4,20.24,Geoscience Australia,,1340,,Legacy: Schopf and Klein 1992,SILT,,1.05,1,Schopf and Klein 1992,,,,,
3378,Yangzhuang Formation ,Yangzhuang Fm,China,,36.89,104.13,30.62,Wikipedia; Google Maps,,1350,,Legacy: Schopf and Klein 1992,CH,,0.49,1,Schopf and Klein 1992,,,,,
3379,Bungle Bungle Dolomite ,Bungle Bungle Dolomite,Australia,,-27.17,133.4,20.24,Geoscience Australia,,1364,,Legacy: Schopf and Klein 1992,CARB,,0.34,1,Schopf and Klein 1992,,,,,
3380,Bungle Bungle Dolomite ,Bungle Bungle Dolomite,Australia,,-27.17,133.4,20.24,Geoscience Australia,,1364,,Legacy: Schopf and Klein 1992,CARB,,0.26,1,Schopf and Klein 1992,,,,,
3381,Dismal Lakes Group ,Dismal Lakes Gp,Canada,,56.96,-98.31,42.69,Wikipedia,,1430,164,Mackie et al. 2009; Loron et al. 2021; Hamilton and Buchan 2010,CH,,0.67,1,Schopf and Klein 1992,,,,,
3382,Greyson Shale ,Greyson Shale,USA,,37.25,-95.84,28.89,Wikipedia,,1420,,Legacy: Schopf and Klein 1992,SILT,,0.37,1,Schopf and Klein 1992,,,,,
3383,Gaoyuzhuang Formation ,Gaoyuzhuang Fm,China,,36.89,104.13,30.62,Wikipedia; Google Maps,,1350,250,Legacy: ,CH,,0.38,1,Schopf and Klein 1992,,,,,
3384,Gaoyuzhuang Formation ,Gaoyuzhuang Fm,China,,36.89,104.13,30.62,Wikipedia; Google Maps,,1350,250,Legacy: ,CH,,0.52,1,Schopf and Klein 1992,,,,,
3385,Newland Limestone ,"Newland Fm, Belt Sgp",USA,,37.25,-95.84,28.89,Wikipedia,,1440,,Legacy: Schopf and Klein 1992,SH,,0.42,1,Schopf and Klein 1992,,,,,
3386,Newland Limestone ,"Newland Fm, Belt Sgp",USA,,37.25,-95.84,28.89,Wikipedia,,1440,,Legacy: Schopf and Klein 1992,SH,,0.26,1,Schopf and Klein 1992,,,,,
3387,Newland Limestone ,"Newland Fm, Belt Sgp",USA,,37.25,-95.84,28.89,Wikipedia,,1440,,Legacy: Schopf and Klein 1992,SH,,0.11,1,Schopf and Klein 1992,,,,,
3388,Tuanshanzi Formation ,Tuanshanzi Fm,China,,36.89,104.13,30.62,Wikipedia; Google Maps,,1350,250,Legacy: ,CARB,,0.57,1,Schopf and Klein 1992,,,,,
3389,Chuanlinggou Formation ,Chuanlinggou Fm,China,,36.89,104.13,30.62,Wikipedia; Google Maps,,1850,,Legacy: Schopf and Klein 1992,SH,,0.38,1,Schopf and Klein 1992,,,,,
3390,Chuanlinggou Formation ,Chuanlinggou Fm,China,,36.89,104.13,30.62,Wikipedia; Google Maps,,1850,,Legacy: Schopf and Klein 1992,SH,,0.33,1,Schopf and Klein 1992,,,,,
3391,Chuanlinggou Formation ,Chuanlinggou Fm,China,,36.89,104.13,30.62,Wikipedia; Google Maps,,1850,,Legacy: Schopf and Klein 1992,SH,,0.53,1,Schopf and Klein 1992,,,,,
3392,Koolpin Formation ,"Koolpin Fm, South Alligator Gp",Australia,,-27.17,133.4,20.24,Geoscience Australia,,1942,81,Worden et al. 2008,CH,,0.17,1,Schopf and Klein 1992,,,,,
3393,Fontano Formation ,Fontano Fm,Canada,,56.96,-98.31,42.69,Wikipedia,,1900,,Legacy: Schopf and Klein 1992,SH,,0.14,1,Schopf and Klein 1992,,,,,
3394,Rove Formation ,Rove Fm,USA,,37.25,-95.84,28.89,Wikipedia,,1900,,Legacy: Schopf and Klein 1992,SH,,0.47,1,Schopf and Klein 1992,,,,,
3395,Rove Formation ,Rove Fm,USA,,37.25,-95.84,28.89,Wikipedia,,1900,,Legacy: Schopf and Klein 1992,SH,,0.42,1,Schopf and Klein 1992,,,,,
3396,Rove Formation ,Rove Fm,USA,,37.25,-95.84,28.89,Wikipedia,,1900,,Legacy: Schopf and Klein 1992,SH,,0.51,1,Schopf and Klein 1992,,,,,
3397,Union Island Group ,Union Island Gp,Canada,Northwest Territories,-110,62,6,Estimated from figure,Potter et al. 2019,2040,259,van Breeman et al. 2010 in Kjarsgaard et al. 2013; Sheen et al. 2019; Tella et al. 2013,SH,,0.23,1,Schopf and Klein 1992,,,,,
3398,Rocknest Formation ,"Rocknest Fm, Epworth Gp",Canada,,56.96,-98.31,42.69,Wikipedia,,1926,44,Buchan et al. 2016; Mitchell et al. 2010; Bowring and Grotzinger 1992,CARB,,0.18,1,Schopf and Klein 1992,,,,,
3399,Rocknest Formation ,"Rocknest Fm, Epworth Gp",Canada,,56.96,-98.31,42.69,Wikipedia,,1926,44,Buchan et al. 2016; Mitchell et al. 2010; Bowring and Grotzinger 1992,CARB,,0.45,1,Schopf and Klein 1992,,,,,
3400,Rocknest Formation ,"Rocknest Fm, Epworth Gp",Canada,,56.96,-98.31,42.69,Wikipedia,,1926,44,Buchan et al. 2016; Mitchell et al. 2010; Bowring and Grotzinger 1992,CARB,,0.12,1,Schopf and Klein 1992,,,,,
3401,Rocknest Formation ,"Rocknest Fm, Epworth Gp",Canada,,56.96,-98.31,42.69,Wikipedia,,1926,44,Buchan et al. 2016; Mitchell et al. 2010; Bowring and Grotzinger 1992,CH,,0.16,1,Schopf and Klein 1992,,,,,
3402,Rocknest Formation ,"Rocknest Fm, Epworth Gp",Canada,,56.96,-98.31,42.69,Wikipedia,,1926,44,Buchan et al. 2016; Mitchell et al. 2010; Bowring and Grotzinger 1992,CARB,,0.11,1,Schopf and Klein 1992,,,,,
3403,Tyler Formation ,Tyler Fm,USA,,37.25,-95.84,28.89,Wikipedia,,1950,,Legacy: Schopf and Klein 1992,SH,,0.32,1,Schopf and Klein 1992,,,,,
3404,Tyler Formation ,Tyler Fm,USA,,37.25,-95.84,28.89,Wikipedia,,1950,,Legacy: Schopf and Klein 1992,SH,,0.26,1,Schopf and Klein 1992,,,,,
3405,Gunflint Iroil Formation ,Gunflint Iron Fm,Canada,,56.96,-98.31,42.69,Wikipedia,,2000,,Legacy: ,CH,,0.32,1,Schopf and Klein 1992,,,,,
3406,Gunflint Iroil Formation ,Gunflint Iron Fm,Canada,,56.96,-98.31,42.69,Wikipedia,,2000,,Legacy: ,CH,,0.36,1,Schopf and Klein 1992,,,,,
3407,Gunflint Iroil Formation ,Gunflint Iron Fm,Canada,,56.96,-98.31,42.69,Wikipedia,,2000,,Legacy: ,CARB,,0.44,1,Schopf and Klein 1992,,,,,
3408,Gunflint Iroil Formation ,Gunflint Iron Fm,Canada,,56.96,-98.31,42.69,Wikipedia,,2000,,Legacy: ,CH,,0.54,1,Schopf and Klein 1992,,,,,
3409,Gunflint Iroil Formation ,Gunflint Iron Fm,Canada,,56.96,-98.31,42.69,Wikipedia,,2000,,Legacy: ,CH,,0.43,1,Schopf and Klein 1992,,,,,
3410,Reivilo Formation ,Reivilo Fm,South Africa,,-34.56,27.23,12.43,Wikipedia,,2300,,Legacy: Schopf and Klein 1992,SH,,0.13,1,Schopf and Klein 1992,,,,,
3411,Reivilo Formation ,Reivilo Fm,South Africa,,-34.56,27.23,12.43,Wikipedia,,2300,,Legacy: Schopf and Klein 1992,SH,,0.35,1,Schopf and Klein 1992,,,,,
3412,Reivilo Formation ,Reivilo Fm,South Africa,,-34.56,27.23,12.43,Wikipedia,,2300,,Legacy: Schopf and Klein 1992,SH,,0.31,1,Schopf and Klein 1992,,,,,
3413,Klipfonteinheuwel Formation ,Klipfonteinheuwel Fm,South Africa,,-34.56,27.23,12.43,Wikipedia,,2325,,Legacy: Schopf and Klein 1992,CH,,0.13,1,Schopf and Klein 1992,,,,,
3414,Gamohaan Formation ,Gamohaan Fm,South Africa,,-34.56,27.23,12.43,Wikipedia,,2450,,Legacy: Schopf and Klein 1992,CARB,,0.27,1,Schopf and Klein 1992,,,,,
3415,Gamohaan Formation ,Gamohaan Fm,South Africa,,-34.56,27.23,12.43,Wikipedia,,2450,,Legacy: Schopf and Klein 1992,CARB,,0.25,1,Schopf and Klein 1992,,,,,
3416,Gamohaan Formation ,Gamohaan Fm,South Africa,,-34.56,27.23,12.43,Wikipedia,,2450,,Legacy: Schopf and Klein 1992,CARB,,0.26,1,Schopf and Klein 1992,,,,,
3417,Gamohaan Formation ,Gamohaan Fm,South Africa,,-34.56,27.23,12.43,Wikipedia,,2450,,Legacy: Schopf and Klein 1992,CARB,,0.28,1,Schopf and Klein 1992,,,,,
3418,Gamohaan Formation ,Gamohaan Fm,South Africa,,-34.56,27.23,12.43,Wikipedia,,2450,,Legacy: Schopf and Klein 1992,CARB,,0.26,1,Schopf and Klein 1992,,,,,
3419,Gamohaan Formation ,Gamohaan Fm,South Africa,,-34.56,27.23,12.43,Wikipedia,,2450,,Legacy: Schopf and Klein 1992,SH,,0.18,1,Schopf and Klein 1992,,,,,
3420,Jeerinah Formation ,"Jeerinah Fm, Fortescue Gp",Australia,,-27.17,133.4,20.24,Geoscience Australia,,2650,,Legacy: Schopf and Klein 1992,SH,,0.48,1,Schopf and Klein 1992,,,,,
3421,Jeerinah Formation ,"Jeerinah Fm, Fortescue Gp",Australia,,-27.17,133.4,20.24,Geoscience Australia,,2650,,Legacy: Schopf and Klein 1992,SH,,0.36,1,Schopf and Klein 1992,,,,,
3422,Meentheena Carbonate Member ,"Meentheena Mbr, Tumbiana Fm, Fortescue Gp",Australia,,-27.17,133.4,20.24,Geoscience Australia,,2730,15,Blake et al. 2004,CH,,0.22,1,Schopf and Klein 1992,,,,,
3423,Tumbiana Formation ,"Tumbiana Fm, Fortescue Gp",Australia,,-27.17,133.4,20.24,Geoscience Australia,,2730,15,Blake et al. 2004,CARB,,0.28,1,Schopf and Klein 1992,,,,,
3424,Tumbiana Formation ,"Tumbiana Fm, Fortescue Gp",Australia,,-27.17,133.4,20.24,Geoscience Australia,,2730,15,Blake et al. 2004,SH,,0.47,1,Schopf and Klein 1992,,,,,
3425,Tumbiana Formation ,"Tumbiana Fm, Fortescue Gp",Australia,,-27.17,133.4,20.24,Geoscience Australia,,2730,15,Blake et al. 2004,CARB,,0.32,1,Schopf and Klein 1992,,,,,
3426,Kromberg Formation ,Kromberg Fm,South Africa,,-34.56,27.23,12.43,Wikipedia,,3300,,Legacy: Schopf and Klein 1992,CH,,0.12,1,Schopf and Klein 1992,,,,,
3427,Kromberg Formation ,Kromberg Fm,South Africa,,-34.56,27.23,12.43,Wikipedia,,3300,,Legacy: Schopf and Klein 1992,CH,,0.14,1,Schopf and Klein 1992,,,,,
3428,Kromberg Formation ,Kromberg Fm,South Africa,,-34.56,27.23,12.43,Wikipedia,,3300,,Legacy: Schopf and Klein 1992,CH,,0.16,1,Schopf and Klein 1992,,,,,
3429,Fig Tree Group ,Fig Tree Gp,South Africa,,-34.56,27.23,12.43,Wikipedia,,3350,,Legacy: Schopf and Klein 1992,CH,,0.18,1,Schopf and Klein 1992,,,,,
3430,Fig Tree Group ,Fig Tree Gp,South Africa,,-34.56,27.23,12.43,Wikipedia,,3350,,Legacy: Schopf and Klein 1992,CH,,0.19,1,Schopf and Klein 1992,,,,,
3431,Hooggenoeg Formation ,Hooggenoeg Fm,South Africa,,-34.56,27.23,12.43,Wikipedia,,3425,25,Legacy: ,CH,,0.2,1,Schopf and Klein 1992,,,,,
3432,Theespruit Formation ,Theespruit Fm,South Africa,,-34.56,27.23,12.43,Wikipedia,,3550,,Legacy: Schopf and Klein 1992,CH,,0.06,1,Schopf and Klein 1992,,,,,
3433,Balbirini Formation ,"Balbirini Dolostone, Nathan Gp",Australia,,-27.17,133.4,20.24,Geoscience Australia,,1602,16,Page et al. 2000,CARB,,0.99,1,Schopf and Klein 1992,POWE87,,,,
3434,Barney Creek Formation ,"Barney Creek Fm, Umbolooga Subgp, McArthur Gp",Australia,,-27.17,133.4,20.24,Geoscience Australia,,1638,7,Page et al. 2000,SH,,1.66,1,Schopf and Klein 1992,POWE87,,,,
3435,Barney Creek Formation ,"Barney Creek Fm, Umbolooga Subgp, McArthur Gp",Australia,,-27.17,133.4,20.24,Geoscience Australia,,1638,7,Page et al. 2000,SH,,1.61,1,Schopf and Klein 1992,POWE87,,,,
3436,Barney Creek Formation ,"Barney Creek Fm, Umbolooga Subgp, McArthur Gp",Australia,,-27.17,133.4,20.24,Geoscience Australia,,1638,7,Page et al. 2000,SH,,1.49,1,Schopf and Klein 1992,POWE87,,,,
3437,Barney Creek Formation ,"Barney Creek Fm, Umbolooga Subgp, McArthur Gp",Australia,,-27.17,133.4,20.24,Geoscience Australia,,1638,7,Page et al. 2000,SH,,1.54,1,Schopf and Klein 1992,POWE87,,,,
3438,Barney Creek Formation ,"Barney Creek Fm, Umbolooga Subgp, McArthur Gp",Australia,,-27.17,133.4,20.24,Geoscience Australia,,1638,7,Page et al. 2000,SH,,1.51,1,Schopf and Klein 1992,POWE87,,,,
3439,Barney Creek Formation ,"Barney Creek Fm, Umbolooga Subgp, McArthur Gp",Australia,,-27.17,133.4,20.24,Geoscience Australia,,1638,7,Page et al. 2000,SH,,1.23,1,Schopf and Klein 1992,POWE87,,,,
3440,Barney Creek Formation ,"Barney Creek Fm, Umbolooga Subgp, McArthur Gp",Australia,,-27.17,133.4,20.24,Geoscience Australia,,1638,7,Page et al. 2000,SH,,1.15,1,Schopf and Klein 1992,POWE87,,,,
3441,Barney Creek Formation ,"Barney Creek Fm, Umbolooga Subgp, McArthur Gp",Australia,,-27.17,133.4,20.24,Geoscience Australia,,1638,7,Page et al. 2000,SH,,0.93,1,Schopf and Klein 1992,POWE87,,,,
3442,Barney Creek Formation ,"Barney Creek Fm, Umbolooga Subgp, McArthur Gp",Australia,,-27.17,133.4,20.24,Geoscience Australia,,1638,7,Page et al. 2000,SH,,1.11,1,Schopf and Klein 1992,POWE87,,,,
3443,Barney Creek Formation ,"Barney Creek Fm, Umbolooga Subgp, McArthur Gp",Australia,,-27.17,133.4,20.24,Geoscience Australia,,1638,7,Page et al. 2000,SH,,0.97,1,Schopf and Klein 1992,POWE87,,,,
3444,Barney Creek Formation ,"Barney Creek Fm, Umbolooga Subgp, McArthur Gp",Australia,,-27.17,133.4,20.24,Geoscience Australia,,1638,7,Page et al. 2000,SH,,0.91,1,Schopf and Klein 1992,POWE87,,,,
3445,Barney Creek Formation ,"Barney Creek Fm, Umbolooga Subgp, McArthur Gp",Australia,,-27.17,133.4,20.24,Geoscience Australia,,1638,7,Page et al. 2000,SH,,1,1,Schopf and Klein 1992,POWE87,,,,
3446,Barney Creek Formation ,"Barney Creek Fm, Umbolooga Subgp, McArthur Gp",Australia,,-27.17,133.4,20.24,Geoscience Australia,,1638,7,Page et al. 2000,SH,,0.87,1,Schopf and Klein 1992,POWE87,,,,
3447,Barney Creek Formation ,"Barney Creek Fm, Umbolooga Subgp, McArthur Gp",Australia,,-27.17,133.4,20.24,Geoscience Australia,,1638,7,Page et al. 2000,SH,,0.59,1,Schopf and Klein 1992,POWE87,,,,
3448,Barney Creek Formation ,"Barney Creek Fm, Umbolooga Subgp, McArthur Gp",Australia,,-27.17,133.4,20.24,Geoscience Australia,,1638,7,Page et al. 2000,SH,,0.78,1,Schopf and Klein 1992,POWE87,,,,
3449,Barney Creek Formation ,"Barney Creek Fm, Umbolooga Subgp, McArthur Gp",Australia,,-27.17,133.4,20.24,Geoscience Australia,,1638,7,Page et al. 2000,SH,,0.87,1,Schopf and Klein 1992,POWE87,,,,
3450,Barney Creek Formation ,"Barney Creek Fm, Umbolooga Subgp, McArthur Gp",Australia,,-27.17,133.4,20.24,Geoscience Australia,,1638,7,Page et al. 2000,SH,,0.62,1,Schopf and Klein 1992,POWE87,,,,
3451,Barney Creek Formation ,"Barney Creek Fm, Umbolooga Subgp, McArthur Gp",Australia,,-27.17,133.4,20.24,Geoscience Australia,,1638,7,Page et al. 2000,SH,,0.38,1,Schopf and Klein 1992,POWE87,,,,
3452,Barney Creek Formation ,"Barney Creek Fm, Umbolooga Subgp, McArthur Gp",Australia,,-27.17,133.4,20.24,Geoscience Australia,,1638,7,Page et al. 2000,SH,,0.38,1,Schopf and Klein 1992,POWE87,,,,
3454,Bitter Springs Formation ,Bitter Springs Gp,Australia,,-27.17,133.4,20.24,Geoscience Australia,,870,50,Glikerson et al. 1996 in Normington and Donnellan 2020; Kositcin et al. 2015 in Normington and Donnellan 2020,CH,,0.34,1,Schopf and Klein 1992,Hayes et al. 1983,,,,
3455,Bitter Springs Formation ,Bitter Springs Gp,Australia,,-27.17,133.4,20.24,Geoscience Australia,,870,50,Glikerson et al. 1996 in Normington and Donnellan 2020; Kositcin et al. 2015 in Normington and Donnellan 2020,CARB,,0.28,1,Schopf and Klein 1992,MCKI80,,,,
3456,Bitter Springs Formation ,Bitter Springs Gp,Australia,,-27.17,133.4,20.24,Geoscience Australia,,870,50,Glikerson et al. 1996 in Normington and Donnellan 2020; Kositcin et al. 2015 in Normington and Donnellan 2020,CARB,,0.46,1,Schopf and Klein 1992,MCKI80,,,,
3457,Bitter Springs Formation ,Bitter Springs Gp,Australia,,-27.17,133.4,20.24,Geoscience Australia,,870,50,Glikerson et al. 1996 in Normington and Donnellan 2020; Kositcin et al. 2015 in Normington and Donnellan 2020,CH,,0.1,1,Schopf and Klein 1992,LEVE75,,,,
3458,Bitter Springs Formation ,Bitter Springs Gp,Australia,,-27.17,133.4,20.24,Geoscience Australia,,870,50,Glikerson et al. 1996 in Normington and Donnellan 2020; Kositcin et al. 2015 in Normington and Donnellan 2020,CARB,,0.82,1,Schopf and Klein 1992,MCKI76,,,,
3459,"Black Mudstone, Utah ","Black Mudstone, Utah",USA,,37.25,-95.84,28.89,Wikipedia,,830,,Legacy: Schopf and Klein 1992,SH,,0.1,1,Schopf and Klein 1992,LEVE75,,,,
3463,Bulawayan Group ,Bulawayan Sgp,Zimbabwe,,-19.04,29.16,3.9,Google Maps,,2770,103,Wilson et al. 1995 in Prendergast and Wingate 2013; Prendergast and Wingate 2013,CARB,,0.1,1,Schopf and Klein 1992,Hayes et al. 1983,,,,
3464,Bungle Bungle Dolomite ,Bungle Bungle Dolomite,Australia,,-27.17,133.4,20.24,Geoscience Australia,,1364,,Legacy: Schopf and Klein 1992,CH,,0.31,1,Schopf and Klein 1992,Hayes et al. 1983,,,,
3465,Bungle Bungle Dolomite ,Bungle Bungle Dolomite,Australia,,-27.17,133.4,20.24,Geoscience Australia,,1364,,Legacy: Schopf and Klein 1992,SH,,0.45,1,Schopf and Klein 1992,Hayes et al. 1983,,,,
3466,Bungle Bungle Dolomite ,Bungle Bungle Dolomite,Australia,,-27.17,133.4,20.24,Geoscience Australia,,1364,,Legacy: Schopf and Klein 1992,CARB,,0.38,1,Schopf and Klein 1992,Hayes et al. 1983,,,,
3467,Bungle Bungle Dolomite ,Bungle Bungle Dolomite,Australia,,-27.17,133.4,20.24,Geoscience Australia,,1364,,Legacy: Schopf and Klein 1992,CARB,,0.39,1,Schopf and Klein 1992,Hayes et al. 1983,,,,
3468,Bungle Bungle Dolomite ,Bungle Bungle Dolomite,Australia,,-27.17,133.4,20.24,Geoscience Australia,,1364,,Legacy: Schopf and Klein 1992,CARB,,0.43,1,Schopf and Klein 1992,Hayes et al. 1983,,,,
3469,Burra Group ,Burra Gp,Australia,,-27.17,133.4,20.24,Geoscience Australia,,800,,Legacy: Schopf and Klein 1992,CH,,0.17,1,Schopf and Klein 1992,Hayes et al. 1983,,,,
3470,Duck Creek Dolomite ,"Duck Creek Dolomite, Wyloo Gp",Australia,,-27.17,133.4,20.24,Geoscience Australia,,1931,107,Sircombe et al. 2003 in Müller et al. 2005; Müller et al. 2005,CARB,,0.14,1,Schopf and Klein 1992,Hayes et al. 1983,,,,
3471,Duck Creek Dolomite ,"Duck Creek Dolomite, Wyloo Gp",Australia,,-27.17,133.4,20.24,Geoscience Australia,,1931,107,Sircombe et al. 2003 in Müller et al. 2005; Müller et al. 2005,CH,,0.32,1,Schopf and Klein 1992,Hayes et al. 1983,,,,
3472,Earaheedy Group ,Undivided Tooloo Gp; Miningarra Gp,Australia,,-27.17,133.4,20.24,Geoscience Australia,,1800,,Legacy: Schopf and Klein 1992,CARB,,0.27,1,Schopf and Klein 1992,Hayes et al. 1983,,,,
3473,Fig Tree Group ,Fig Tree Gp,South Africa,,-34.56,27.23,12.43,Wikipedia,,3350,,Legacy: Schopf and Klein 1992,CH,,0.16,1,Schopf and Klein 1992,Hayes et al. 1983,,,,
3474,Fig Tree Group ,Fig Tree Gp,South Africa,,-34.56,27.23,12.43,Wikipedia,,3350,,Legacy: Schopf and Klein 1992,CH,,0.1,1,Schopf and Klein 1992,LEVE75,,,,
3475,Fig Tree Group ,Fig Tree Gp,South Africa,,-34.56,27.23,12.43,Wikipedia,,3350,,Legacy: Schopf and Klein 1992,CH,,0.41,1,Schopf and Klein 1992,Dungworth and Schwartz 1972,,,,
3476,Fig Tree Group ,Fig Tree Gp,South Africa,,-34.56,27.23,12.43,Wikipedia,,3350,,Legacy: Schopf and Klein 1992,CH,,0.49,1,Schopf and Klein 1992,Dungworth and Schwartz 1972,,,,
3477,Fig Tree Group ,Fig Tree Gp,South Africa,,-34.56,27.23,12.43,Wikipedia,,3350,,Legacy: Schopf and Klein 1992,CH,,0.2,1,Schopf and Klein 1992,LEVE75,,,,
3478,Fig Tree Group ,Fig Tree Gp,South Africa,,-34.56,27.23,12.43,Wikipedia,,3350,,Legacy: Schopf and Klein 1992,CH,,0.16,1,Schopf and Klein 1992,DUNG72,,,,
3479,Fortescue Group ,Fortescue Gp,Australia,,-27.17,133.4,20.24,Geoscience Australia,,2705,81,Rasmussen et al. 2005; Arndt et al. 1991,SH,,0.43,1,Schopf and Klein 1992,MCKI76,,,,
3481,Gorge Creek Group ,Gorge Creek Gp,Australia,,-27.17,133.4,20.24,Geoscience Australia,,3200,,Legacy: Schopf and Klein 1992,SH,,0.09,1,Schopf and Klein 1992,Hayes et al. 1983,,,,
3482,Gunflint Iron Formation ,Gunflint Iron Fm,Canada,,56.96,-98.31,42.69,Wikipedia,,2000,,Legacy: ,CH,,0.61,1,Schopf and Klein 1992,Hayes et al. 1983,,,,
3483,Gunflint Iron Formation ,Gunflint Iron Fm,Canada,,56.96,-98.31,42.69,Wikipedia,,2000,,Legacy: ,CH,,0.1,1,Schopf and Klein 1992,LEVE75,,,,
3484,Hooggenoeg Formation ,Hooggenoeg Fm,South Africa,,-34.56,27.23,12.43,Wikipedia,,3425,25,Legacy: ,CH,,0.12,1,Schopf and Klein 1992,Hayes et al. 1983,,,,
3489,HYC Pyritic Shale Member ,"HYC Pyritic Shale Mbr, Barney Creek Fm, Umbolooga Subgp, McArthur Gp",Australia,,-27.17,133.4,20.24,Geoscience Australia,,1638,7,Page et al. 2000,SH,,0.39,1,Schopf and Klein 1992,Hayes et al. 1983,,,,
3491,Isua Supergroup ,Isua Supracrustal Belt,Greenland,"southwest, Nuuk region",64.2,-50,1,Estimated from figure,Nutman and Friend 2009,3780,77,Nutman et al. 1997; Nutman and Friend 2009,BIF,,0.02,1,Schopf and Klein 1992,Hayes et al. 1983,,,,
3492,Isua Supergroup ,Isua Supracrustal Belt,Greenland,"southwest, Nuuk region",64.2,-50,1,Estimated from figure,Nutman and Friend 2009,3780,77,Nutman et al. 1997; Nutman and Friend 2009,H,,0.01,1,Schopf and Klein 1992,Hayes et al. 1983,,,,
3493,Jeerinah Formation,"Jeerinah Fm, Fortescue Gp",Australia,,-27.17,133.4,20.24,Geoscience Australia,,2650,,Legacy: Schopf and Klein 1992,SH,,0.14,1,Schopf and Klein 1992,Hayes et al. 1983,,,,
3494,Kromberg Formation ,Kromberg Fm,South Africa,,-34.56,27.23,12.43,Wikipedia,,3300,,Legacy: Schopf and Klein 1992,CH,,0.13,1,Schopf and Klein 1992,Hayes et al. 1983,,,,
3495,Lansen Creek Shale Member ,"Velkerri Fm, Maiwok Subgp, Roper Gp",Australia,,-27.17,133.4,20.24,Geoscience Australia,,1350,,Legacy: Schopf and Klein 1992,SH,,1.24,1,Schopf and Klein 1992,POWE87,,,,
3496,Lansen Creek Shale Member ,"Velkerri Fm, Maiwok Subgp, Roper Gp",Australia,,-27.17,133.4,20.24,Geoscience Australia,,1350,,Legacy: Schopf and Klein 1992,SH,,1,1,Schopf and Klein 1992,POWE87,,,,
3497,Lansen Creek Shale Member ,"Velkerri Fm, Maiwok Subgp, Roper Gp",Australia,,-27.17,133.4,20.24,Geoscience Australia,,1350,,Legacy: Schopf and Klein 1992,SH,,0.89,1,Schopf and Klein 1992,POWE87,,,,
3498,Lansen Creek Shale Member ,"Velkerri Fm, Maiwok Subgp, Roper Gp",Australia,,-27.17,133.4,20.24,Geoscience Australia,,1350,,Legacy: Schopf and Klein 1992,SH,,0.6,1,Schopf and Klein 1992,POWE87,,,,
3499,Lynott-Don Formation ,"Donnegan Mbr, Lynott Fm, Batten Subgp, McArthur Gp",Australia,,-27.17,133.4,20.24,Geoscience Australia,,1626,14,Page et al. 2000,SH,,0.94,1,Schopf and Klein 1992,POWE87,,,,
3500,Malmani Subgroup ,"Malmani Fm, Espanola Subgp",South Africa,,-34.56,27.23,12.43,Wikipedia,,2400,,Legacy: Schopf and Klein 1992,CARB,,0.14,1,Schopf and Klein 1992,Hayes et al. 1983,,,,
3501,Malmani Subgroup ,"Malmani Fm, Espanola Subgp",South Africa,,-34.56,27.23,12.43,Wikipedia,,2400,,Legacy: Schopf and Klein 1992,CARB,,0.21,1,Schopf and Klein 1992,Hayes et al. 1983,,,,
3502,Manjeri Formation ,"Manjeri Fm, Ngezi Gp, Belingwe Greenstone Belt",Zimbabwe,,-19.04,29.16,3.9,Google Maps,,2747,90,Bolhar et al. 2002; Wilson et al 1995 in Bolhar et al. 2002; Prendergast and Wingate 2013,CH,,0.15,1,Schopf and Klein 1992,Hayes et al. 1983,,,,
3504,McLeary Formation ,McLeary Fm,Canada,,56.96,-98.31,42.69,Wikipedia,,2100,,Legacy: Schopf and Klein 1992,CH,,0.26,1,Schopf and Klein 1992,Hayes et al. 1983,,,,
3505,McMinn Formation ,"McMinn Fm, Roper Gp",Australia,,-27.17,133.4,20.24,Geoscience Australia,,1340,,Legacy: Schopf and Klein 1992,SH,,0.79,1,Schopf and Klein 1992,Hayes et al. 1983,,,,
3506,McMinn Formation ,"McMinn Fm, Roper Gp",Australia,,-27.17,133.4,20.24,Geoscience Australia,,1340,,Legacy: Schopf and Klein 1992,SH,,0.48,1,Schopf and Klein 1992,Hayes et al. 1983,,,,
3507,McMinn Formation ,"McMinn Fm, Roper Gp",Australia,,-27.17,133.4,20.24,Geoscience Australia,,1340,,Legacy: Schopf and Klein 1992,SH,,0.4,1,Schopf and Klein 1992,Hayes et al. 1983,,,,
3509,McMinn Formation ,"McMinn Fm, Roper Gp",Australia,,-27.17,133.4,20.24,Geoscience Australia,,1340,,Legacy: Schopf and Klein 1992,SH,,1.17,1,Schopf and Klein 1992,MCKI80,,,,
3510,McMinn Formation ,"McMinn Fm, Roper Gp",Australia,,-27.17,133.4,20.24,Geoscience Australia,,1340,,Legacy: Schopf and Klein 1992,SH,,0.86,1,Schopf and Klein 1992,MCKI80,,,,
3511,McMinn Formation ,"McMinn Fm, Roper Gp",Australia,,-27.17,133.4,20.24,Geoscience Australia,,1340,,Legacy: Schopf and Klein 1992,SH,,0.65,1,Schopf and Klein 1992,MCKI80,,,,
3512,McMinn Formation ,"McMinn Fm, Roper Gp",Australia,,-27.17,133.4,20.24,Geoscience Australia,,1340,,Legacy: Schopf and Klein 1992,SH,,0.59,1,Schopf and Klein 1992,MCKI80,,,,
3513,McMinn Formation ,"McMinn Fm, Roper Gp",Australia,,-27.17,133.4,20.24,Geoscience Australia,,1340,,Legacy: Schopf and Klein 1992,SH,,0.54,1,Schopf and Klein 1992,MCKI80,,,,
3514,McMinn Formation ,"McMinn Fm, Roper Gp",Australia,,-27.17,133.4,20.24,Geoscience Australia,,1340,,Legacy: Schopf and Klein 1992,SH,,0.36,1,Schopf and Klein 1992,MCKI80,,,,
3515,Mozaan Group ,Mozaan Gp,South Africa,,-34.56,27.23,12.43,Wikipedia,,3000,,Legacy: Schopf and Klein 1992,SH,,0.11,1,Schopf and Klein 1992,Hayes et al. 1983,,,,
3516,Mt. McRae Shale ,"Mount McRae Shale, Hamersley Gp",Australia,,-27.17,133.4,20.24,Geoscience Australia,,2504,5,Rasmussen et al. 2005,SH,,0.11,1,Schopf and Klein 1992,Hayes et al. 1983,,,,
3517,Mt. McRae Shale ,"Mount McRae Shale, Hamersley Gp",Australia,,-27.17,133.4,20.24,Geoscience Australia,,2504,5,Rasmussen et al. 2005,SH,,0.11,1,Schopf and Klein 1992,Hayes et al. 1983,,,,
3518,Nonesuch Shale ,Nonesuch Shale,USA,,37.25,-95.84,28.89,Wikipedia,,1040,78,Cumming et al. 2013,SH,,0.5,1,Schopf and Klein 1992,LEVE75,,,,
3519,Onverwacht Group ,Onverwacht Gp,Zimbabwe,,-19.04,29.16,3.9,Google Maps,,3450,,Legacy: Schopf and Klein 1992,CH,,0.33,1,Schopf and Klein 1992,Dungworth and Schwartz 1972,,,,
3520,Onverwacht Group ,Onverwacht Gp,Zimbabwe,,-19.04,29.16,3.9,Google Maps,,3450,,Legacy: Schopf and Klein 1992,CH,,0.65,1,Schopf and Klein 1992,Dungworth and Schwartz 1972,,,,
3521,Onverwacht Group ,Onverwacht Gp,Zimbabwe,,-19.04,29.16,3.9,Google Maps,,3450,,Legacy: Schopf and Klein 1992,CH,,0.93,1,Schopf and Klein 1992,Dungworth and Schwartz 1972,,,,
3522,Onverwacht Group ,Onverwacht Gp,Zimbabwe,,-19.04,29.16,3.9,Google Maps,,3450,,Legacy: Schopf and Klein 1992,CH,,1.38,1,Schopf and Klein 1992,Dungworth and Schwartz 1972,,,,
3523,Onverwacht Group ,Onverwacht Gp,Zimbabwe,,-19.04,29.16,3.9,Google Maps,,3450,,Legacy: Schopf and Klein 1992,CH,,0.14,1,Schopf and Klein 1992,Dungworth and Schwartz 1972,,,,
3524,Onverwacht Group ,Onverwacht Gp,Zimbabwe,,-19.04,29.16,3.9,Google Maps,,3450,,Legacy: Schopf and Klein 1992,CH,,0.8,1,Schopf and Klein 1992,Dungworth and Schwartz 1972,,,,
3525,Onverwacht Group ,Onverwacht Gp,Zimbabwe,,-19.04,29.16,3.9,Google Maps,,3450,,Legacy: Schopf and Klein 1992,CH,,0.08,1,Schopf and Klein 1992,Dungworth and Schwartz 1972,,,,
3526,Onverwacht Group ,Onverwacht Gp,Zimbabwe,,-19.04,29.16,3.9,Google Maps,,3450,,Legacy: Schopf and Klein 1992,CH,,0.96,1,Schopf and Klein 1992,Dungworth and Schwartz 1972,,,,
3527,Onverwacht Group ,Onverwacht Gp,Zimbabwe,,-19.04,29.16,3.9,Google Maps,,3450,,Legacy: Schopf and Klein 1992,CH,,0.15,1,Schopf and Klein 1992,DUNG72,,,,
3528,Onverwacht Group ,Onverwacht Gp,Zimbabwe,,-19.04,29.16,3.9,Google Maps,,3450,,Legacy: Schopf and Klein 1992,CH,,0.25,1,Schopf and Klein 1992,Dungworth and Schwartz 1972,,,,
3529,Onverwacht Group ,Onverwacht Gp,Zimbabwe,,-19.04,29.16,3.9,Google Maps,,3450,,Legacy: Schopf and Klein 1992,CH,,0.4,1,Schopf and Klein 1992,Dungworth and Schwartz 1972,,,,
3530,Onverwacht Group ,Onverwacht Gp,Zimbabwe,,-19.04,29.16,3.9,Google Maps,,3450,,Legacy: Schopf and Klein 1992,CH,,0.54,1,Schopf and Klein 1992,Dungworth and Schwartz 1972,,,,
3531,Paradise Creek Formation ,"Paradise Creek Fm, McNamara Gp",Australia,,-27.17,133.4,20.24,Geoscience Australia,,1650,,Legacy: Schopf and Klein 1992,CH,,0.2,1,Schopf and Klein 1992,LEVE75,,,,
3532,Pertatataka Formation ,Pertatataka Fm,Australia,,-27.17,133.4,20.24,Geoscience Australia,,602,61,Edgoose 2013; Kendall et al. 2006 in Normwell and Donnellan 2020,SH,,0.66,1,Schopf and Klein 1992,MCKI80,,,,
3533,Rove Formation ,Rove Fm,USA,,37.25,-95.84,28.89,Wikipedia,,1900,,Legacy: Schopf and Klein 1992,SH,,0.41,1,Schopf and Klein 1992,Hayes et al. 1983,,,,
3535,Skillogalee Dolomite ,"Skillogalee Dolomite, Mundallio Subgp, Burra Gp",Australia,,-27.17,133.4,20.24,Geoscience Australia,,748,51,Lloyd et al. 2020; Keeman et al. 2020 in Lloyd et al. 2020,CH,,0.19,1,Schopf and Klein 1992,MCKI80,,,,
3536,Skillogalee Dolomite ,"Skillogalee Dolomite, Mundallio Subgp, Burra Gp",Australia,,-27.17,133.4,20.24,Geoscience Australia,,748,51,Lloyd et al. 2020; Keeman et al. 2020 in Lloyd et al. 2020,CH,,0.2,1,Schopf and Klein 1992,DUNG72,,,,
3537,Skillogalee Dolomite ,"Skillogalee Dolomite, Mundallio Subgp, Burra Gp",Australia,,-27.17,133.4,20.24,Geoscience Australia,,748,51,Lloyd et al. 2020; Keeman et al. 2020 in Lloyd et al. 2020,CARB,,0.1,1,Schopf and Klein 1992,MCKI76,,,,
3538,Skillogalee Dolomite ,"Skillogalee Dolomite, Mundallio Subgp, Burra Gp",Australia,,-27.17,133.4,20.24,Geoscience Australia,,748,51,Lloyd et al. 2020; Keeman et al. 2020 in Lloyd et al. 2020,CARB,,0.33,1,Schopf and Klein 1992,MCKI76,,,,
3539,Skillogalee Dolomite ,"Skillogalee Dolomite, Mundallio Subgp, Burra Gp",Australia,,-27.17,133.4,20.24,Geoscience Australia,,748,51,Lloyd et al. 2020; Keeman et al. 2020 in Lloyd et al. 2020,CH,,0.31,1,Schopf and Klein 1992,MCKI76,,,,
3540,Skillogalee Dolomite ,"Skillogalee Dolomite, Mundallio Subgp, Burra Gp",Australia,,-27.17,133.4,20.24,Geoscience Australia,,748,51,Lloyd et al. 2020; Keeman et al. 2020 in Lloyd et al. 2020,CARB,,0.27,1,Schopf and Klein 1992,MCKI76,,,,
3541,Skillogalee Dolomite ,"Skillogalee Dolomite, Mundallio Subgp, Burra Gp",Australia,,-27.17,133.4,20.24,Geoscience Australia,,748,51,Lloyd et al. 2020; Keeman et al. 2020 in Lloyd et al. 2020,CARB,,0.23,1,Schopf and Klein 1992,MCKI76,,,,
3542,Steeprock Group ,Steep Rock Gp,Canada,,56.96,-98.31,42.69,Wikipedia,,2892,113,Tomlinson et al. 2003,CH,,0.17,1,Schopf and Klein 1992,Hayes et al. 1983,,,,
3543,Swartkoppie Formation ,Swartkoppie Fm,South Africa,,-34.56,27.23,12.43,Wikipedia,,3450,,Legacy: Schopf and Klein 1992,CH,,0.1,1,Schopf and Klein 1992,Hayes et al. 1983,,,,
3544,Swartkoppie Formation ,Swartkoppie Fm,South Africa,,-34.56,27.23,12.43,Wikipedia,,3450,,Legacy: Schopf and Klein 1992,CH,,0.09,1,Schopf and Klein 1992,Hayes et al. 1983,,,,
3545,Swartkoppie Formation ,Swartkoppie Fm,South Africa,,-34.56,27.23,12.43,Wikipedia,,3450,,Legacy: Schopf and Klein 1992,CH,,0.3,1,Schopf and Klein 1992,LEVE75,,,,
3546,Tapley Hill Formation ,"Tapley Hill Fm, Nepouie Subgp, Umberatana Gp",Australia,,-27.17,133.4,20.24,Geoscience Australia,,654,14,Letche and Wallace 2015; Hoffman et al. 2021 Earth Science Revews; Kendall et al. 2006 in Lloyd et al. 2020,SH,,0.25,1,Schopf and Klein 1992,McKirdy et al. 1975,,,,
3547,Tapley Hill Formation ,"Tapley Hill Fm, Nepouie Subgp, Umberatana Gp",Australia,,-27.17,133.4,20.24,Geoscience Australia,,654,14,Letche and Wallace 2015; Hoffman et al. 2021 Earth Science Revews; Kendall et al. 2006 in Lloyd et al. 2020,SH,,0.11,1,Schopf and Klein 1992,McKirdy et al. 1975,,,,
3548,Tapley Hill Formation ,"Tapley Hill Fm, Nepouie Subgp, Umberatana Gp",Australia,,-27.17,133.4,20.24,Geoscience Australia,,654,14,Letche and Wallace 2015; Hoffman et al. 2021 Earth Science Revews; Kendall et al. 2006 in Lloyd et al. 2020,SH,,0.15,1,Schopf and Klein 1992,McKirdy et al. 1975,,,,
3549,Tapley Hill Formation ,"Tapley Hill Fm, Nepouie Subgp, Umberatana Gp",Australia,,-27.17,133.4,20.24,Geoscience Australia,,654,14,Letche and Wallace 2015; Hoffman et al. 2021 Earth Science Revews; Kendall et al. 2006 in Lloyd et al. 2020,SH,,0.18,1,Schopf and Klein 1992,McKirdy et al. 1975,,,,
3550,Tapley Hill Formation ,"Tapley Hill Fm, Nepouie Subgp, Umberatana Gp",Australia,,-27.17,133.4,20.24,Geoscience Australia,,654,14,Letche and Wallace 2015; Hoffman et al. 2021 Earth Science Revews; Kendall et al. 2006 in Lloyd et al. 2020,SH,,0.13,1,Schopf and Klein 1992,McKirdy et al. 1975,,,,
3551,Tapley Hill Formation ,"Tapley Hill Fm, Nepouie Subgp, Umberatana Gp",Australia,,-27.17,133.4,20.24,Geoscience Australia,,654,14,Letche and Wallace 2015; Hoffman et al. 2021 Earth Science Revews; Kendall et al. 2006 in Lloyd et al. 2020,SH,,0.06,1,Schopf and Klein 1992,McKirdy et al. 1975,,,,
3552,Tapley Hill Formation ,"Tapley Hill Fm, Nepouie Subgp, Umberatana Gp",Australia,,-27.17,133.4,20.24,Geoscience Australia,,654,14,Letche and Wallace 2015; Hoffman et al. 2021 Earth Science Revews; Kendall et al. 2006 in Lloyd et al. 2020,SH,,0.09,1,Schopf and Klein 1992,McKirdy et al. 1975,,,,
3553,Tapley Hill Formation ,"Tapley Hill Fm, Nepouie Subgp, Umberatana Gp",Australia,,-27.17,133.4,20.24,Geoscience Australia,,654,14,Letche and Wallace 2015; Hoffman et al. 2021 Earth Science Revews; Kendall et al. 2006 in Lloyd et al. 2020,SH,,0.17,1,Schopf and Klein 1992,McKirdy et al. 1975,,,,
3554,Tapley Hill Formation ,"Tapley Hill Fm, Nepouie Subgp, Umberatana Gp",Australia,,-27.17,133.4,20.24,Geoscience Australia,,654,14,Letche and Wallace 2015; Hoffman et al. 2021 Earth Science Revews; Kendall et al. 2006 in Lloyd et al. 2020,SH,,0.15,1,Schopf and Klein 1992,McKirdy et al. 1975,,,,
3555,Tapley Hill Formation ,"Tapley Hill Fm, Nepouie Subgp, Umberatana Gp",Australia,,-27.17,133.4,20.24,Geoscience Australia,,654,14,Letche and Wallace 2015; Hoffman et al. 2021 Earth Science Revews; Kendall et al. 2006 in Lloyd et al. 2020,SH,,0.19,1,Schopf and Klein 1992,McKirdy et al. 1975,,,,
3556,Tapley Hill Formation ,"Tapley Hill Fm, Nepouie Subgp, Umberatana Gp",Australia,,-27.17,133.4,20.24,Geoscience Australia,,654,14,Letche and Wallace 2015; Hoffman et al. 2021 Earth Science Revews; Kendall et al. 2006 in Lloyd et al. 2020,SH,,0.19,1,Schopf and Klein 1992,McKirdy et al. 1975,,,,
3557,Tapley Hill Formation ,"Tapley Hill Fm, Nepouie Subgp, Umberatana Gp",Australia,,-27.17,133.4,20.24,Geoscience Australia,,654,14,Letche and Wallace 2015; Hoffman et al. 2021 Earth Science Revews; Kendall et al. 2006 in Lloyd et al. 2020,SH,,0.23,1,Schopf and Klein 1992,McKirdy et al. 1975,,,,
3558,Tapley Hill Formation ,"Tapley Hill Fm, Nepouie Subgp, Umberatana Gp",Australia,,-27.17,133.4,20.24,Geoscience Australia,,654,14,Letche and Wallace 2015; Hoffman et al. 2021 Earth Science Revews; Kendall et al. 2006 in Lloyd et al. 2020,SH,,0.11,1,Schopf and Klein 1992,McKirdy et al. 1975,,,,
3559,Tapley Hill Formation ,"Tapley Hill Fm, Nepouie Subgp, Umberatana Gp",Australia,,-27.17,133.4,20.24,Geoscience Australia,,654,14,Letche and Wallace 2015; Hoffman et al. 2021 Earth Science Revews; Kendall et al. 2006 in Lloyd et al. 2020,SH,,0.19,1,Schopf and Klein 1992,McKirdy et al. 1975,,,,
3560,Tapley Hill Formation ,"Tapley Hill Fm, Nepouie Subgp, Umberatana Gp",Australia,,-27.17,133.4,20.24,Geoscience Australia,,654,14,Letche and Wallace 2015; Hoffman et al. 2021 Earth Science Revews; Kendall et al. 2006 in Lloyd et al. 2020,SH,,0.11,1,Schopf and Klein 1992,McKirdy et al. 1975,,,,
3561,Tapley Hill Formation ,"Tapley Hill Fm, Nepouie Subgp, Umberatana Gp",Australia,,-27.17,133.4,20.24,Geoscience Australia,,654,14,Letche and Wallace 2015; Hoffman et al. 2021 Earth Science Revews; Kendall et al. 2006 in Lloyd et al. 2020,SH,,0.09,1,Schopf and Klein 1992,McKirdy et al. 1975,,,,
3562,Tapley Hill Formation ,"Tapley Hill Fm, Nepouie Subgp, Umberatana Gp",Australia,,-27.17,133.4,20.24,Geoscience Australia,,654,14,Letche and Wallace 2015; Hoffman et al. 2021 Earth Science Revews; Kendall et al. 2006 in Lloyd et al. 2020,SH,,0.07,1,Schopf and Klein 1992,McKirdy et al. 1975,,,,
3563,Tapley Hill Formation ,"Tapley Hill Fm, Nepouie Subgp, Umberatana Gp",Australia,,-27.17,133.4,20.24,Geoscience Australia,,654,14,Letche and Wallace 2015; Hoffman et al. 2021 Earth Science Revews; Kendall et al. 2006 in Lloyd et al. 2020,SH,,0.05,1,Schopf and Klein 1992,McKirdy et al. 1975,,,,
3564,Tapley Hill Formation ,"Tapley Hill Fm, Nepouie Subgp, Umberatana Gp",Australia,,-27.17,133.4,20.24,Geoscience Australia,,654,14,Letche and Wallace 2015; Hoffman et al. 2021 Earth Science Revews; Kendall et al. 2006 in Lloyd et al. 2020,SH,,0.01,1,Schopf and Klein 1992,McKirdy et al. 1975,,,,
3565,Tapley Hill Formation ,"Tapley Hill Fm, Nepouie Subgp, Umberatana Gp",Australia,,-27.17,133.4,20.24,Geoscience Australia,,654,14,Letche and Wallace 2015; Hoffman et al. 2021 Earth Science Revews; Kendall et al. 2006 in Lloyd et al. 2020,SH,,0.06,1,Schopf and Klein 1992,McKirdy et al. 1975,,,,
3566,Tapley Hill Formation ,"Tapley Hill Fm, Nepouie Subgp, Umberatana Gp",Australia,,-27.17,133.4,20.24,Geoscience Australia,,654,14,Letche and Wallace 2015; Hoffman et al. 2021 Earth Science Revews; Kendall et al. 2006 in Lloyd et al. 2020,SH,,0.05,1,Schopf and Klein 1992,McKirdy et al. 1975,,,,
3567,Tapley Hill Formation ,"Tapley Hill Fm, Nepouie Subgp, Umberatana Gp",Australia,,-27.17,133.4,20.24,Geoscience Australia,,654,14,Letche and Wallace 2015; Hoffman et al. 2021 Earth Science Revews; Kendall et al. 2006 in Lloyd et al. 2020,SH,,0.04,1,Schopf and Klein 1992,McKirdy et al. 1975,,,,
3568,Tapley Hill Formation ,"Tapley Hill Fm, Nepouie Subgp, Umberatana Gp",Australia,,-27.17,133.4,20.24,Geoscience Australia,,654,14,Letche and Wallace 2015; Hoffman et al. 2021 Earth Science Revews; Kendall et al. 2006 in Lloyd et al. 2020,SH,,0.09,1,Schopf and Klein 1992,McKirdy et al. 1975,,,,
3569,Tapley Hill Formation ,"Tapley Hill Fm, Nepouie Subgp, Umberatana Gp",Australia,,-27.17,133.4,20.24,Geoscience Australia,,654,14,Letche and Wallace 2015; Hoffman et al. 2021 Earth Science Revews; Kendall et al. 2006 in Lloyd et al. 2020,SH,,0.02,1,Schopf and Klein 1992,McKirdy et al. 1975,,,,
3570,Tapley Hill Formation ,"Tapley Hill Fm, Nepouie Subgp, Umberatana Gp",Australia,,-27.17,133.4,20.24,Geoscience Australia,,654,14,Letche and Wallace 2015; Hoffman et al. 2021 Earth Science Revews; Kendall et al. 2006 in Lloyd et al. 2020,CARB,,0.24,1,Schopf and Klein 1992,MCKI76,,,,
3571,Theespruit Formation ,Theespruit Fm,South Africa,,-34.56,27.23,12.43,Wikipedia,,3550,,Legacy: Schopf and Klein 1992,SH,,0.02,1,Schopf and Klein 1992,Hayes et al. 1983,,,,
3579,Tooganinie Formation ,"Tooganinie Fm, Umbolooga Subgp, McArthur Gp",Australia,,-27.17,133.4,20.24,Geoscience Australia,,1642,9,Page et al. 2000,CARB,,1.8,1,Schopf and Klein 1992,MCKI76,,,,
3580,Towers Formation ,Towers Fm,Australia,,-27.17,133.4,20.24,Geoscience Australia,,3435,,Legacy: Schopf and Klein 1992,CH,,0.3,1,Schopf and Klein 1992,Hayes et al. 1983,,,,
3581,Towers Formation ,Towers Fm,Australia,,-27.17,133.4,20.24,Geoscience Australia,,3435,,Legacy: Schopf and Klein 1992,CH,,0.16,1,Schopf and Klein 1992,Hayes et al. 1983,,,,
3582,Towers Formation ,Towers Fm,Australia,,-27.17,133.4,20.24,Geoscience Australia,,3435,,Legacy: Schopf and Klein 1992,CH,,0.3,1,Schopf and Klein 1992,Hayes et al. 1983,,,,
3583,Tumbiana Formation ,"Tumbiana Fm, Fortescue Gp",Australia,,-27.17,133.4,20.24,Geoscience Australia,,2730,15,Blake et al. 2004,CH,,0.25,1,Schopf and Klein 1992,Hayes et al. 1983,,,,
3584,Umberatana Group ,Umberatana Gp,Australia,,-27.17,133.4,20.24,Geoscience Australia,,676,41.7," Narbonne et al. 2012; Hoffman et al. 2004; Macdonald 2010a, 2018 in Hoffman et al. 2021",,,0.49,1,Schopf and Klein 1992,MCKI76,,,,
3585,Upper Albanel Formation ,Albanel Fm,Canada,,56.96,-98.31,42.69,Wikipedia,Shields and Veizer 2002,2000,300,Legacy: ,CARB,,0.14,1,Schopf and Klein 1992,Hayes et al. 1983,,,,
3586,Urquhart Shale ,Urquhart Shale,Zimbabwe,,-19.04,29.16,3.9,Google Maps,,1670,,Legacy: Schopf and Klein 1992,SH,,0.1,1,Schopf and Klein 1992,LEVE75,,,,
3588,Velkerri Formation ,"Velkerri Fm, Roper Gp",Australia,,-27.17,133.4,20.24,Geoscience Australia,,1350,,Legacy: Schopf and Klein 1992,SH,,1.01,1,Schopf and Klein 1992,POWE87,,,,
3589,Velkerri Formation ,"Velkerri Fm, Roper Gp",Australia,,-27.17,133.4,20.24,Geoscience Australia,,1350,,Legacy: Schopf and Klein 1992,SH,,0.88,1,Schopf and Klein 1992,POWE87,,,,
3590,Velkerri Formation ,"Velkerri Fm, Roper Gp",Australia,,-27.17,133.4,20.24,Geoscience Australia,,1350,,Legacy: Schopf and Klein 1992,SH,,0.86,1,Schopf and Klein 1992,POWE87,,,,
3591,Velkerri Formation ,"Velkerri Fm, Roper Gp",Australia,,-27.17,133.4,20.24,Geoscience Australia,,1350,,Legacy: Schopf and Klein 1992,SH,,0.79,1,Schopf and Klein 1992,POWE87,,,,
3592,Velkerri Formation ,"Velkerri Fm, Roper Gp",Australia,,-27.17,133.4,20.24,Geoscience Australia,,1350,,Legacy: Schopf and Klein 1992,SH,,0.76,1,Schopf and Klein 1992,POWE87,,,,
3593,Velkerri Formation ,"Velkerri Fm, Roper Gp",Australia,,-27.17,133.4,20.24,Geoscience Australia,,1350,,Legacy: Schopf and Klein 1992,SH,,0.7,1,Schopf and Klein 1992,POWE87,,,,
3594,Velkerri Formation ,"Velkerri Fm, Roper Gp",Australia,,-27.17,133.4,20.24,Geoscience Australia,,1350,,Legacy: Schopf and Klein 1992,SH,,0.65,1,Schopf and Klein 1992,POWE87,,,,
3595,Ventersdorp Supergroup ,Ventersdorp Sgp,South Africa,,-34.56,27.23,12.43,Wikipedia,,2650,,Legacy: Schopf and Klein 1992,CH,,0.14,1,Schopf and Klein 1992,Hayes et al. 1983,,,,
3596,Wittenoom Dolomite ,"Wittenoom Fm, Hamersley Gp",Australia,,-27.17,133.4,20.24,Geoscience Australia,,2563,40,Woodhead et al. 1998; Trendall et al. 1998,SH,,0.14,1,Schopf and Klein 1992,Hayes et al. 1983,,,,
3597,Witwatersrand Supergroup ,Witwatersrand Sgp,South Africa,,-34.56,27.23,12.43,Wikipedia,,2710,,Legacy: Schopf and Klein 1992,Q,,1.25,1,Schopf and Klein 1992,ZUMB78,,,,
3598,Witwatersrand Supergroup ,Witwatersrand Sgp,South Africa,,-34.56,27.23,12.43,Wikipedia,,2710,,Legacy: Schopf and Klein 1992,Q,,1.05,1,Schopf and Klein 1992,ZUMB78,,,,
3599,Witwatersrand Supergroup ,Witwatersrand Sgp,South Africa,,-34.56,27.23,12.43,Wikipedia,,2710,,Legacy: Schopf and Klein 1992,Q,,1.08,1,Schopf and Klein 1992,ZUMB78,,,,
3600,Witwatersrand Supergroup ,Witwatersrand Sgp,South Africa,,-34.56,27.23,12.43,Wikipedia,,2710,,Legacy: Schopf and Klein 1992,Q,,1.11,1,Schopf and Klein 1992,ZUMB78,,,,
3601,Witwatersrand Supergroup ,Witwatersrand Sgp,South Africa,,-34.56,27.23,12.43,Wikipedia,,2710,,Legacy: Schopf and Klein 1992,Q,,0.83,1,Schopf and Klein 1992,ZUMB78,,,,
3602,Witwatersrand Supergroup ,Witwatersrand Sgp,South Africa,,-34.56,27.23,12.43,Wikipedia,,2710,,Legacy: Schopf and Klein 1992,Q,,0.73,1,Schopf and Klein 1992,ZUMB78,,,,
3603,Witwatersrand Supergroup ,Witwatersrand Sgp,South Africa,,-34.56,27.23,12.43,Wikipedia,,2710,,Legacy: Schopf and Klein 1992,Q,,0.67,1,Schopf and Klein 1992,ZUMB78,,,,
3604,Witwatersrand Supergroup ,Witwatersrand Sgp,South Africa,,-34.56,27.23,12.43,Wikipedia,,2710,,Legacy: Schopf and Klein 1992,Q,,0.71,1,Schopf and Klein 1992,ZUMB78,,,,
3605,Witwatersrand Supergroup ,Witwatersrand Sgp,South Africa,,-34.56,27.23,12.43,Wikipedia,,2710,,Legacy: Schopf and Klein 1992,Q,,0.71,1,Schopf and Klein 1992,ZUMB78,,,,
3606,Witwatersrand Supergroup ,Witwatersrand Sgp,South Africa,,-34.56,27.23,12.43,Wikipedia,,2710,,Legacy: Schopf and Klein 1992,Q,,0.69,1,Schopf and Klein 1992,ZUMB78,,,,
3607,Witwatersrand Supergroup ,Witwatersrand Sgp,South Africa,,-34.56,27.23,12.43,Wikipedia,,2710,,Legacy: Schopf and Klein 1992,Q,,0.67,1,Schopf and Klein 1992,ZUMB78,,,,
3608,Witwatersrand Supergroup ,Witwatersrand Sgp,South Africa,,-34.56,27.23,12.43,Wikipedia,,2710,,Legacy: Schopf and Klein 1992,Q,,0.67,1,Schopf and Klein 1992,ZUMB78,,,,
3609,Witwatersrand Supergroup ,Witwatersrand Sgp,South Africa,,-34.56,27.23,12.43,Wikipedia,,2710,,Legacy: Schopf and Klein 1992,Q,,0.69,1,Schopf and Klein 1992,ZUMB78,,,,
3610,Witwatersrand Supergroup ,Witwatersrand Sgp,South Africa,,-34.56,27.23,12.43,Wikipedia,,2710,,Legacy: Schopf and Klein 1992,Q,,0.63,1,Schopf and Klein 1992,ZUMB78,,,,
3611,Witwatersrand Supergroup ,Witwatersrand Sgp,South Africa,,-34.56,27.23,12.43,Wikipedia,,2710,,Legacy: Schopf and Klein 1992,Q,,0.59,1,Schopf and Klein 1992,ZUMB78,,,,
3612,Witwatersrand Supergroup ,Witwatersrand Sgp,South Africa,,-34.56,27.23,12.43,Wikipedia,,2710,,Legacy: Schopf and Klein 1992,Q,,0.58,1,Schopf and Klein 1992,ZUMB78,,,,
3613,Witwatersrand Supergroup ,Witwatersrand Sgp,South Africa,,-34.56,27.23,12.43,Wikipedia,,2710,,Legacy: Schopf and Klein 1992,Q,,0.57,1,Schopf and Klein 1992,ZUMB78,,,,
3614,Witwatersrand Supergroup ,Witwatersrand Sgp,South Africa,,-34.56,27.23,12.43,Wikipedia,,2710,,Legacy: Schopf and Klein 1992,Q,,0.59,1,Schopf and Klein 1992,ZUMB78,,,,
3615,Witwatersrand Supergroup ,Witwatersrand Sgp,South Africa,,-34.56,27.23,12.43,Wikipedia,,2710,,Legacy: Schopf and Klein 1992,Q,,0.54,1,Schopf and Klein 1992,ZUMB78,,,,
3616,Witwatersrand Supergroup ,Witwatersrand Sgp,South Africa,,-34.56,27.23,12.43,Wikipedia,,2710,,Legacy: Schopf and Klein 1992,Q,,0.53,1,Schopf and Klein 1992,ZUMB78,,,,
3617,Witwatersrand Supergroup ,Witwatersrand Sgp,South Africa,,-34.56,27.23,12.43,Wikipedia,,2710,,Legacy: Schopf and Klein 1992,Q,,0.53,1,Schopf and Klein 1992,ZUMB78,,,,
3618,Witwatersrand Supergroup ,Witwatersrand Sgp,South Africa,,-34.56,27.23,12.43,Wikipedia,,2710,,Legacy: Schopf and Klein 1992,Q,,0.49,1,Schopf and Klein 1992,ZUMB78,,,,
3619,Witwatersrand Supergroup ,Witwatersrand Sgp,South Africa,,-34.56,27.23,12.43,Wikipedia,,2710,,Legacy: Schopf and Klein 1992,Q,,0.48,1,Schopf and Klein 1992,ZUMB78,,,,
3620,Wonoka Formation ,"Wonoka Fm, Depot Springs Subgp, Wilpena Gp",Australia,,-27.17,133.4,20.24,Geoscience Australia,,565,24,Preiss 2019; Kernan et al. 2021; Lloyd et al. 2020,CARB,,0.47,1,Schopf and Klein 1992,MCKI76,,,,
3621,Yalco Formation ,"Yalco Fm, Batten Subgp, McArthur Gp",Australia,,-27.17,133.4,20.24,Geoscience Australia,,1625,15,Page et al. 2000,CARB,,0.92,1,Schopf and Klein 1992,POWE87,,,,
3622,Yalco Formation ,"Yalco Fm, Batten Subgp, McArthur Gp",Australia,,-27.17,133.4,20.24,Geoscience Australia,,1625,15,Page et al. 2000,CARB,,1.19,1,Schopf and Klein 1992,POWE87,,,,
3623,Yalco Formation ,"Yalco Fm, Batten Subgp, McArthur Gp",Australia,,-27.17,133.4,20.24,Geoscience Australia,,1625,15,Page et al. 2000,CARB,,0.91,1,Schopf and Klein 1992,POWE87,,,,
3624,Yalco Formation ,"Yalco Fm, Batten Subgp, McArthur Gp",Australia,,-27.17,133.4,20.24,Geoscience Australia,,1625,15,Page et al. 2000,CARB,,1.12,1,Schopf and Klein 1992,POWE87,,,,
3625,Yalco Formation ,"Yalco Fm, Batten Subgp, McArthur Gp",Australia,,-27.17,133.4,20.24,Geoscience Australia,,1625,15,Page et al. 2000,CARB,,0.89,1,Schopf and Klein 1992,POWE87,,,,
3626,Yalco Formation ,"Yalco Fm, Batten Subgp, McArthur Gp",Australia,,-27.17,133.4,20.24,Geoscience Australia,,1625,15,Page et al. 2000,CARB,,0.93,1,Schopf and Klein 1992,POWE87,,,,
12362,Boeryd succession,Boeryd Succession,Sweden,Upper Visingso Gp,62.2,17.56,6.86,Wikipedia,,760,90,Legacy: Bonhomme and Welin (1984),C,,1.08,1,Shields and Veizer 2002,Samuelsson and Strauss 1999,,,,
12363,Boeryd succession,Boeryd Succession,Sweden,Upper Visingso Gp,62.2,17.56,6.86,Wikipedia,,760,90,Legacy: Bonhomme and Welin (1984),,,0.45,1,Shields and Veizer 2002,Samuelsson and Strauss 1999,,,,
12364,Boeryd succession,Boeryd Succession,Sweden,Upper Visingso Gp,62.2,17.56,6.86,Wikipedia,,760,90,Legacy: Bonhomme and Welin (1984),C+D,,0.88,1,Shields and Veizer 2002,Samuelsson and Strauss 1999,,,,
12365,Boeryd succession,Boeryd Succession,Sweden,Upper Visingso Gp,62.2,17.56,6.86,Wikipedia,,760,90,Legacy: Bonhomme and Welin (1984),C+D,,0.69,1,Shields and Veizer 2002,Samuelsson and Strauss 1999,,,,
12366,Boeryd succession,Boeryd Succession,Sweden,Upper Visingso Gp,62.2,17.56,6.86,Wikipedia,,760,90,Legacy: Bonhomme and Welin (1984),C+D,,0.62,1,Shields and Veizer 2002,Samuelsson and Strauss 1999,,,,
12368,Boeryd succession,Boeryd Succession,Sweden,Upper Visingso Gp,62.2,17.56,6.86,Wikipedia,,760,90,Legacy: Bonhomme and Welin (1984),C+D,,1.06,1,Shields and Veizer 2002,Samuelsson and Strauss 1999,,,,
12370,Boeryd succession,Boeryd Succession,Sweden,Upper Visingso Gp,62.2,17.56,6.86,Wikipedia,,760,90,Legacy: Bonhomme and Welin (1984),C+D,,1.06,1,Shields and Veizer 2002,Samuelsson and Strauss 1999,,,,
12371,Boeryd succession,Boeryd Succession,Sweden,Upper Visingso Gp,62.2,17.56,6.86,Wikipedia,,760,90,Legacy: Bonhomme and Welin (1984),C+D,,1.06,1,Shields and Veizer 2002,Samuelsson and Strauss 1999,,,,
12372,Boeryd succession,Boeryd Succession,Sweden,Upper Visingso Gp,62.2,17.56,6.86,Wikipedia,,760,90,Legacy: Bonhomme and Welin (1984),C+D,,1.06,1,Shields and Veizer 2002,Samuelsson and Strauss 1999,,,,
12373,Boeryd succession,Boeryd Succession,Sweden,Upper Visingso Gp,62.2,17.56,6.86,Wikipedia,,760,90,Legacy: Bonhomme and Welin (1984),,,1.7,1,Shields and Veizer 2002,Samuelsson and Strauss 1999,,,,
12374,Boeryd succession,Boeryd Succession,Sweden,Upper Visingso Gp,62.2,17.56,6.86,Wikipedia,,760,90,Legacy: Bonhomme and Welin (1984),,,0.84,1,Shields and Veizer 2002,Samuelsson and Strauss 1999,,,,
12375,Boeryd succession,Boeryd Succession,Sweden,Upper Visingso Gp,62.2,17.56,6.86,Wikipedia,,760,90,Legacy: Bonhomme and Welin (1984),,,1.28,1,Shields and Veizer 2002,Samuelsson and Strauss 1999,,,,
12376,Boeryd succession,Boeryd Succession,Sweden,Upper Visingso Gp,62.2,17.56,6.86,Wikipedia,,760,90,Legacy: Bonhomme and Welin (1984),,,1.06,1,Shields and Veizer 2002,Samuelsson and Strauss 1999,,,,
12381,Boeryd succession,Boeryd Succession,Sweden,Upper Visingso Gp,62.2,17.56,6.86,Wikipedia,,760,90,Legacy: Bonhomme and Welin (1984),,,0.66,1,Shields and Veizer 2002,Samuelsson and Strauss 1999,,,,
12382,Boeryd succession,Boeryd Succession,Sweden,Upper Visingso Gp,62.2,17.56,6.86,Wikipedia,,760,90,Legacy: Bonhomme and Welin (1984),,,1.32,1,Shields and Veizer 2002,Samuelsson and Strauss 1999,,,,
12384,Boeryd succession,Boeryd Succession,Sweden,Upper Visingso Gp,62.2,17.56,6.86,Wikipedia,,760,90,Legacy: Bonhomme and Welin (1984),,,0.89,1,Shields and Veizer 2002,Samuelsson and Strauss 1999,,,,
12385,Boeryd succession,Boeryd Succession,Sweden,Upper Visingso Gp,62.2,17.56,6.86,Wikipedia,,760,90,Legacy: Bonhomme and Welin (1984),,,1.01,1,Shields and Veizer 2002,Samuelsson and Strauss 1999,,,,
12386,Boeryd succession,Boeryd Succession,Sweden,Upper Visingso Gp,62.2,17.56,6.86,Wikipedia,,760,90,Legacy: Bonhomme and Welin (1984),,,0.97,1,Shields and Veizer 2002,Samuelsson and Strauss 1999,,,,
12387,Boeryd succession,Boeryd Succession,Sweden,Upper Visingso Gp,62.2,17.56,6.86,Wikipedia,,760,90,Legacy: Bonhomme and Welin (1984),,,1.07,1,Shields and Veizer 2002,Samuelsson and Strauss 1999,,,,
12388,Boeryd succession,Boeryd Succession,Sweden,Upper Visingso Gp,62.2,17.56,6.86,Wikipedia,,760,90,Legacy: Bonhomme and Welin (1984),,,0.92,1,Shields and Veizer 2002,Samuelsson and Strauss 1999,,,,
12389,Boeryd succession,Boeryd Succession,Sweden,Upper Visingso Gp,62.2,17.56,6.86,Wikipedia,,760,90,Legacy: Bonhomme and Welin (1984),,,0.45,1,Shields and Veizer 2002,Samuelsson and Strauss 1999,,,,
12390,Boeryd succession,Boeryd Succession,Sweden,Upper Visingso Gp,62.2,17.56,6.86,Wikipedia,,760,90,Legacy: Bonhomme and Welin (1984),,,0.69,1,Shields and Veizer 2002,Samuelsson and Strauss 1999,,,,
12391,Boeryd succession,Boeryd Succession,Sweden,Upper Visingso Gp,62.2,17.56,6.86,Wikipedia,,760,90,Legacy: Bonhomme and Welin (1984),,,1.56,1,Shields and Veizer 2002,Samuelsson and Strauss 1999,,,,
12392,Boeryd succession,Boeryd Succession,Sweden,Upper Visingso Gp,62.2,17.56,6.86,Wikipedia,,760,90,Legacy: Bonhomme and Welin (1984),D+C,,1.84,1,Shields and Veizer 2002,Samuelsson and Strauss 1999,,,,
12395,Boeryd succession,Boeryd Succession,Sweden,Upper Visingso Gp,62.2,17.56,6.86,Wikipedia,,760,90,Legacy: Bonhomme and Welin (1984),,,0.57,1,Shields and Veizer 2002,Samuelsson and Strauss 1999,,,,
12396,Boeryd succession,Boeryd Succession,Sweden,Upper Visingso Gp,62.2,17.56,6.86,Wikipedia,,760,90,Legacy: Bonhomme and Welin (1984),D+C,,0.93,1,Shields and Veizer 2002,Samuelsson and Strauss 1999,,,,
12401,Boeryd succession,Boeryd Succession,Sweden,Upper Visingso Gp,62.2,17.56,6.86,Wikipedia,,760,90,Legacy: Bonhomme and Welin (1984),,,1.05,1,Shields and Veizer 2002,Samuelsson and Strauss 1999,,,,
12403,Boeryd succession,Boeryd Succession,Sweden,Upper Visingso Gp,62.2,17.56,6.86,Wikipedia,,760,90,Legacy: Bonhomme and Welin (1984),,,0.73,1,Shields and Veizer 2002,Samuelsson and Strauss 1999,,,,
12404,Boeryd succession,Boeryd Succession,Sweden,Upper Visingso Gp,62.2,17.56,6.86,Wikipedia,,760,90,Legacy: Bonhomme and Welin (1984),,,0.91,1,Shields and Veizer 2002,Samuelsson and Strauss 1999,,,,
12406,Boeryd succession,Boeryd Succession,Sweden,Upper Visingso Gp,62.2,17.56,6.86,Wikipedia,,760,90,Legacy: Bonhomme and Welin (1984),,,0.9,1,Shields and Veizer 2002,Samuelsson and Strauss 1999,,,,
12407,Boeryd succession,Boeryd Succession,Sweden,Upper Visingso Gp,62.2,17.56,6.86,Wikipedia,,760,90,Legacy: Bonhomme and Welin (1984),D+C,,0.64,1,Shields and Veizer 2002,Samuelsson and Strauss 1999,,,,
16018,"Numees / Hilda / Kaigas / Stinkfontein Fms, Gariep Gp","Numees - Stinkfontein Fms, Port Nolloth Gp",Namibia,,-22.97,18.51,6.76,Google Maps,,706,71,Frimmel et al. 2001 in Macdonald et al. 2010; Hoffman et al. 2004,,,0.0039,1,Kaufman et al. 1991,,,,,
15990,"Helskloof Formation, Gariep Group","Numees Fm, Port Nolloth Gp",Namibia,,-22.97,18.51,6.76,Google Maps,,675.5,38.8,Macdonald et al. 2010; Hoffman et al. 2004 in Macdonald et al. 2010; Frimmel et al. 2011,Dolosparite,,0,1,Kaufman et al. 1991,,,,,
15984,"Numees Formation, Gariep Group","Numees Fm, Port Nolloth Gp",Namibia,,-22.97,18.51,6.76,Google Maps,,675.5,38.8,Macdonald et al. 2010; Hoffman et al. 2004 in Macdonald et al. 2010; Frimmel et al. 2011,Dolomicrite,,0.311,1,Kaufman et al. 1991,,,,,
15985,"Numees Formation, Gariep Group","Numees Fm, Port Nolloth Gp",Namibia,,-22.97,18.51,6.76,Google Maps,,675.5,38.8,Macdonald et al. 2010; Hoffman et al. 2004 in Macdonald et al. 2010; Frimmel et al. 2011,Fol.Dolomicrite,,0.141,1,Kaufman et al. 1991,,,,,
15988,"Helskloof Formation, Gariep Group","Numees Fm, Port Nolloth Gp",Namibia,,-22.97,18.51,6.76,Google Maps,,675.5,38.8,Macdonald et al. 2010; Hoffman et al. 2004 in Macdonald et al. 2010; Frimmel et al. 2011,Sparmicrite,,0.067,1,Kaufman et al. 1991,,,,,
15987,"Helskloof Formation, Gariep Group","Numees Fm, Port Nolloth Gp",Namibia,,-22.97,18.51,6.76,Google Maps,,675.5,38.8,Macdonald et al. 2010; Hoffman et al. 2004 in Macdonald et al. 2010; Frimmel et al. 2011,Stromatolite,,0.047,1,Kaufman et al. 1991,,,,,
16437,Cenozoic kerogen - Taiwan,Cenozoic kerogen - Taiwan,Taiwan,,23.605,121.03,1.71,Wikipedia,,33,33,GSA 2018,kerogen,,0.78,1,Lee and Sun 2013,,,,,
16438,Cenozoic kerogen - Taiwan,Cenozoic kerogen - Taiwan,Taiwan,,23.605,121.03,1.71,Wikipedia,,33,33,GSA 2018,kerogen,,1.04,1,Lee and Sun 2013,,,,,
16439,Cenozoic kerogen - Taiwan,Cenozoic kerogen - Taiwan,Taiwan,,23.605,121.03,1.71,Wikipedia,,33,33,GSA 2018,kerogen,,0.89,1,Lee and Sun 2013,,,,,
16440,Cenozoic kerogen - Taiwan,Cenozoic kerogen - Taiwan,Taiwan,,23.605,121.03,1.71,Wikipedia,,33,33,GSA 2018,kerogen,,1.18,1,Lee and Sun 2013,,,,,
16441,Cenozoic kerogen - Taiwan,Cenozoic kerogen - Taiwan,Taiwan,,23.605,121.03,1.71,Wikipedia,,33,33,GSA 2018,kerogen,,1.36,1,Lee and Sun 2013,,,,,
16442,Cenozoic kerogen - Taiwan,Cenozoic kerogen - Taiwan,Taiwan,,23.605,121.03,1.71,Wikipedia,,33,33,GSA 2018,kerogen,,1.08,1,Lee and Sun 2013,,,,,
16443,Cenozoic kerogen - Taiwan,Cenozoic kerogen - Taiwan,Taiwan,,23.605,121.03,1.71,Wikipedia,,33,33,GSA 2018,kerogen,,1.86,1,Lee and Sun 2013,,,,,
16444,Cenozoic kerogen - Taiwan,Cenozoic kerogen - Taiwan,Taiwan,,23.605,121.03,1.71,Wikipedia,,33,33,GSA 2018,kerogen,,0.9,1,Lee and Sun 2013,,,,,
16445,Cenozoic kerogen - Taiwan,Cenozoic kerogen - Taiwan,Taiwan,,23.605,121.03,1.71,Wikipedia,,33,33,GSA 2018,kerogen,,0.9,1,Lee and Sun 2013,,,,,
16446,Cenozoic kerogen - Taiwan,Cenozoic kerogen - Taiwan,Taiwan,,23.605,121.03,1.71,Wikipedia,,33,33,GSA 2018,kerogen,,0.8,1,Lee and Sun 2013,,,,,
16447,Cenozoic kerogen - Taiwan,Cenozoic kerogen - Taiwan,Taiwan,,23.605,121.03,1.71,Wikipedia,,33,33,GSA 2018,kerogen,,0.85,1,Lee and Sun 2013,,,,,
16448,Cenozoic kerogen - Taiwan,Cenozoic kerogen - Taiwan,Taiwan,,23.605,121.03,1.71,Wikipedia,,33,33,GSA 2018,kerogen,,1.07,1,Lee and Sun 2013,,,,,
16449,Cenozoic kerogen - Taiwan,Cenozoic kerogen - Taiwan,Taiwan,,23.605,121.03,1.71,Wikipedia,,33,33,GSA 2018,kerogen,,1.1,1,Lee and Sun 2013,,,,,
16450,Cenozoic kerogen - Taiwan,Cenozoic kerogen - Taiwan,Taiwan,,23.605,121.03,1.71,Wikipedia,,33,33,GSA 2018,kerogen,,0.77,1,Lee and Sun 2013,,,,,
16451,Cenozoic kerogen - Taiwan,Cenozoic kerogen - Taiwan,Taiwan,,23.605,121.03,1.71,Wikipedia,,33,33,GSA 2018,kerogen,,0.68,1,Lee and Sun 2013,,,,,
16452,Cenozoic kerogen - Taiwan,Cenozoic kerogen - Taiwan,Taiwan,,23.605,121.03,1.71,Wikipedia,,33,33,GSA 2018,kerogen,,0.56,1,Lee and Sun 2013,,,,,
16453,Cenozoic kerogen - Taiwan,Cenozoic kerogen - Taiwan,Taiwan,,23.605,121.03,1.71,Wikipedia,,33,33,GSA 2018,kerogen,,1.04,1,Lee and Sun 2013,,,,,
16454,Cenozoic kerogen - Taiwan,Cenozoic kerogen - Taiwan,Taiwan,,23.605,121.03,1.71,Wikipedia,,33,33,GSA 2018,kerogen,,1.07,1,Lee and Sun 2013,,,,,
16455,Cenozoic kerogen - Taiwan,Cenozoic kerogen - Taiwan,Taiwan,,23.605,121.03,1.71,Wikipedia,,33,33,GSA 2018,kerogen,,0.94,1,Lee and Sun 2013,,,,,
16456,Permian kerogen - China,Permian kerogen - China,China,,36.89,104.13,30.62,Wikipedia; Google Maps,,275.4,23.5,GSA 2018,kerogen,,0.16,1,Lee and Sun 2013,,,,,
16457,Cenozoic kerogen - China,Cenozoic kerogen - China,China,,36.89,104.13,30.62,Wikipedia; Google Maps,,33,33,GSA 2018,kerogen,,1.36,1,Lee and Sun 2013,,,,,
16458,Cenozoic kerogen - China,Cenozoic kerogen - China,China,,36.89,104.13,30.62,Wikipedia; Google Maps,,33,33,GSA 2018,kerogen,,1.44,1,Lee and Sun 2013,,,,,
16459,Cenozoic kerogen - China,Cenozoic kerogen - China,China,,36.89,104.13,30.62,Wikipedia; Google Maps,,33,33,GSA 2018,kerogen,,1.43,1,Lee and Sun 2013,,,,,
16460,Cenozoic kerogen - China,Cenozoic kerogen - China,China,,36.89,104.13,30.62,Wikipedia; Google Maps,,33,33,GSA 2018,kerogen,,0.84,1,Lee and Sun 2013,,,,,
16461,Cenozoic kerogen - China,Cenozoic kerogen - China,China,,36.89,104.13,30.62,Wikipedia; Google Maps,,33,33,GSA 2018,kerogen,,0.96,1,Lee and Sun 2013,,,,,
16462,Permian kerogen - China,Permian kerogen - China,China,,36.89,104.13,30.62,Wikipedia; Google Maps,,275.4,23.5,GSA 2018,kerogen,,1.18,1,Lee and Sun 2013,,,,,
16463,Permian kerogen - China,Permian kerogen - China,China,,36.89,104.13,30.62,Wikipedia; Google Maps,,275.4,23.5,GSA 2018,kerogen,,1.27,1,Lee and Sun 2013,,,,,
16464,Carboniferous kerogen - China,Carboniferous kerogen - China,China,,36.89,104.13,30.62,Wikipedia; Google Maps,,328.9,30,GSA 2018,kerogen,,1.38,1,Lee and Sun 2013,,,,,
16465,Carboniferous kerogen - China,Carboniferous kerogen - China,China,,36.89,104.13,30.62,Wikipedia; Google Maps,,328.9,30,GSA 2018,kerogen,,0.89,1,Lee and Sun 2013,,,,,
16466,Carboniferous kerogen - China,Carboniferous kerogen - China,China,,36.89,104.13,30.62,Wikipedia; Google Maps,,328.9,30,GSA 2018,kerogen,,0.74,1,Lee and Sun 2013,,,,,
16467,Permian kerogen - China,Permian kerogen - China,China,,36.89,104.13,30.62,Wikipedia; Google Maps,,275.4,23.5,GSA 2018,kerogen,,0.7,1,Lee and Sun 2013,,,,,
16468,Jurassic kerogen - China,Jurassic kerogen - China,China,,36.89,104.13,30.62,Wikipedia; Google Maps,,173.2,28.2,GSA 2018,kerogen,,0.77,1,Lee and Sun 2013,,,,,
16469,Cenozoic kerogen - China,Cenozoic kerogen - China,China,,36.89,104.13,30.62,Wikipedia; Google Maps,,33,33,GSA 2018,kerogen,,0.68,1,Lee and Sun 2013,,,,X,In paper as 6.68 - this doesn't make sense
16470,Permian kerogen - China,Permian kerogen - China,China,,36.89,104.13,30.62,Wikipedia; Google Maps,,275.4,23.5,GSA 2018,kerogen,,0.83,1,Lee and Sun 2013,,,,,
16471,Cenozoic kerogen - Australia,Cenozoic kerogen - Australia,Australia,,-27.17,133.4,20.24,Geoscience Australia,,33,33,GSA 2018,kerogen,,0.25,1,Lee and Sun 2013,,,,,
16472,Cenozoic kerogen - Australia,Cenozoic kerogen - Australia,Australia,,-27.17,133.4,20.24,Geoscience Australia,,33,33,GSA 2018,kerogen,,0.26,1,Lee and Sun 2013,,,,,
16473,Cenozoic kerogen - Australia,Cenozoic kerogen - Australia,Australia,,-27.17,133.4,20.24,Geoscience Australia,,33,33,GSA 2018,kerogen,,0.7,1,Lee and Sun 2013,,,,,
16474,Cretaceous kerogen - Australia,Cretaceous kerogen - Australia,Australia,,-27.17,133.4,20.24,Geoscience Australia,,105.5,39.5,GSA 2018,kerogen,,2.54,1,Lee and Sun 2013,,,,,
16475,Cretaceous kerogen - Australia,Cretaceous kerogen - Australia,Australia,,-27.17,133.4,20.24,Geoscience Australia,,105.5,39.5,GSA 2018,kerogen,,1.85,1,Lee and Sun 2013,,,,,
16476,Cretaceous kerogen - Australia,Cretaceous kerogen - Australia,Australia,,-27.17,133.4,20.24,Geoscience Australia,,105.5,39.5,GSA 2018,kerogen,,3.92,1,Lee and Sun 2013,,,,,
16477,Cretaceous kerogen - Australia,Cretaceous kerogen - Australia,Australia,,-27.17,133.4,20.24,Geoscience Australia,,105.5,39.5,GSA 2018,kerogen,,3.88,1,Lee and Sun 2013,,,,,
16478,Jurassic kerogen - Australia,Jurassic kerogen - Australia,Australia,,-27.17,133.4,20.24,Geoscience Australia,,173.2,28.2,GSA 2018,kerogen,,3.03,1,Lee and Sun 2013,,,,,
16479,Jurassic kerogen - Australia,Jurassic kerogen - Australia,Australia,,-27.17,133.4,20.24,Geoscience Australia,,173.2,28.2,GSA 2018,kerogen,,2.11,1,Lee and Sun 2013,,,,,
16480,Jurassic kerogen - Australia,Jurassic kerogen - Australia,Australia,,-27.17,133.4,20.24,Geoscience Australia,,173.2,28.2,GSA 2018,kerogen,,1.52,1,Lee and Sun 2013,,,,,
16481,Jurassic kerogen - Australia,Jurassic kerogen - Australia,Australia,,-27.17,133.4,20.24,Geoscience Australia,,173.2,28.2,GSA 2018,kerogen,,1.48,1,Lee and Sun 2013,,,,,
16482,Jurassic kerogen - Australia,Jurassic kerogen - Australia,Australia,,-27.17,133.4,20.24,Geoscience Australia,,173.2,28.2,GSA 2018,kerogen,,2.23,1,Lee and Sun 2013,,,,,
16483,Triassic kerogen - Australia,Triassic kerogen - Australia,Australia,,-27.17,133.4,20.24,Geoscience Australia,,226.6,25.3,GSA 2018,kerogen,,2.77,1,Lee and Sun 2013,,,,,
16484,Permian kerogen - Australia,Permian kerogen - Australia,Australia,,-27.17,133.4,20.24,Geoscience Australia,,275.4,23.5,GSA 2018,kerogen,,1.94,1,Lee and Sun 2013,,,,,
16485,Permian kerogen - Australia,Permian kerogen - Australia,Australia,,-27.17,133.4,20.24,Geoscience Australia,,275.4,23.5,GSA 2018,kerogen,,1.75,1,Lee and Sun 2013,,,,,
16486,Permian kerogen - Australia,Permian kerogen - Australia,Australia,,-27.17,133.4,20.24,Geoscience Australia,,275.4,23.5,GSA 2018,kerogen,,1.29,1,Lee and Sun 2013,,,,,
16487,ODP Site 893,ODP Site 893A (Santa Barbara Basin),USA,Santa Barbara Basin,34.2875,-120.036,0.001,Index to Marine and Lacustrine Geological Samples (IMLGS),Index to Marine and Lacustrine Geological Samples (IMLGS),0.0005,,Pratt et al. 1995,"silt, clay",,1.18,1,Pratt et al. 1995,,,,,
16488,ODP Site 893,ODP Site 893A (Santa Barbara Basin),USA,Santa Barbara Basin,34.2875,-120.036,0.001,Index to Marine and Lacustrine Geological Samples (IMLGS),Index to Marine and Lacustrine Geological Samples (IMLGS),0.0032,,Pratt et al. 1995,"silt, clay",,1.12,1,Pratt et al. 1995,,,,,
16489,ODP Site 893,ODP Site 893A (Santa Barbara Basin),USA,Santa Barbara Basin,34.2875,-120.036,0.001,Index to Marine and Lacustrine Geological Samples (IMLGS),Index to Marine and Lacustrine Geological Samples (IMLGS),0.0063,,Pratt et al. 1995,"silt, clay",,1.143,1,Pratt et al. 1995,,,,,
16490,ODP Site 893,ODP Site 893A (Santa Barbara Basin),USA,Santa Barbara Basin,34.2875,-120.036,0.001,Index to Marine and Lacustrine Geological Samples (IMLGS),Index to Marine and Lacustrine Geological Samples (IMLGS),0.0097,,Pratt et al. 1995,"silt, clay",,1.048,1,Pratt et al. 1995,,,,,
16491,ODP Site 893,ODP Site 893A (Santa Barbara Basin),USA,Santa Barbara Basin,34.2875,-120.036,0.001,Index to Marine and Lacustrine Geological Samples (IMLGS),Index to Marine and Lacustrine Geological Samples (IMLGS),0.0124,,Pratt et al. 1995,"silt, clay",,0.837,1,Pratt et al. 1995,,,,,
16492,ODP Site 893,ODP Site 893A (Santa Barbara Basin),USA,Santa Barbara Basin,34.2875,-120.036,0.001,Index to Marine and Lacustrine Geological Samples (IMLGS),Index to Marine and Lacustrine Geological Samples (IMLGS),0.0134,,Pratt et al. 1995,"silt, clay",,1.202,1,Pratt et al. 1995,,,,,
16493,ODP Site 893,ODP Site 893A (Santa Barbara Basin),USA,Santa Barbara Basin,34.2875,-120.036,0.001,Index to Marine and Lacustrine Geological Samples (IMLGS),Index to Marine and Lacustrine Geological Samples (IMLGS),0.0191,,Pratt et al. 1995,"silt, clay",,0.921,1,Pratt et al. 1995,,,,,
16494,ODP Site 893,ODP Site 893A (Santa Barbara Basin),USA,Santa Barbara Basin,34.2875,-120.036,0.001,Index to Marine and Lacustrine Geological Samples (IMLGS),Index to Marine and Lacustrine Geological Samples (IMLGS),0.0270,,Pratt et al. 1995,"silt, clay",,0.923,1,Pratt et al. 1995,,,,,
16495,ODP Site 893,ODP Site 893A (Santa Barbara Basin),USA,Santa Barbara Basin,34.2875,-120.036,0.001,Index to Marine and Lacustrine Geological Samples (IMLGS),Index to Marine and Lacustrine Geological Samples (IMLGS),0.0322,,Pratt et al. 1995,"silt, clay",,1.041,1,Pratt et al. 1995,,,,,
16496,ODP Site 893,ODP Site 893A (Santa Barbara Basin),USA,Santa Barbara Basin,34.2875,-120.036,0.001,Index to Marine and Lacustrine Geological Samples (IMLGS),Index to Marine and Lacustrine Geological Samples (IMLGS),0.0344,,Pratt et al. 1995,"silt, clay",,0.902,1,Pratt et al. 1995,,,,,
16497,ODP Site 893,ODP Site 893A (Santa Barbara Basin),USA,Santa Barbara Basin,34.2875,-120.036,0.001,Index to Marine and Lacustrine Geological Samples (IMLGS),Index to Marine and Lacustrine Geological Samples (IMLGS),0.0381,,Pratt et al. 1995,"silt, clay",,0.94,1,Pratt et al. 1995,,,,,
16498,ODP Site 893,ODP Site 893A (Santa Barbara Basin),USA,Santa Barbara Basin,34.2875,-120.036,0.001,Index to Marine and Lacustrine Geological Samples (IMLGS),Index to Marine and Lacustrine Geological Samples (IMLGS),0.0397,,Pratt et al. 1995,"silt, clay",,1.107,1,Pratt et al. 1995,,,,,
16499,ODP Site 893,ODP Site 893A (Santa Barbara Basin),USA,Santa Barbara Basin,34.2875,-120.036,0.001,Index to Marine and Lacustrine Geological Samples (IMLGS),Index to Marine and Lacustrine Geological Samples (IMLGS),0.0540,,Pratt et al. 1995,"silt, clay",,1.085,1,Pratt et al. 1995,,,,,
16500,ODP Site 893,ODP Site 893A (Santa Barbara Basin),USA,Santa Barbara Basin,34.2875,-120.036,0.001,Index to Marine and Lacustrine Geological Samples (IMLGS),Index to Marine and Lacustrine Geological Samples (IMLGS),0.0624,,Pratt et al. 1995,"silt, clay",,1.066,1,Pratt et al. 1995,,,,,
16501,ODP Site 893,ODP Site 893A (Santa Barbara Basin),USA,Santa Barbara Basin,34.2875,-120.036,0.001,Index to Marine and Lacustrine Geological Samples (IMLGS),Index to Marine and Lacustrine Geological Samples (IMLGS),0.0807,,Pratt et al. 1995,"silt, clay",,1.122,1,Pratt et al. 1995,,,,,
16502,ODP Site 893,ODP Site 893A (Santa Barbara Basin),USA,Santa Barbara Basin,34.2875,-120.036,0.001,Index to Marine and Lacustrine Geological Samples (IMLGS),Index to Marine and Lacustrine Geological Samples (IMLGS),0.0907,,Pratt et al. 1995,"silt, clay",,1.015,1,Pratt et al. 1995,,,,,
16503,ODP Site 893,ODP Site 893A (Santa Barbara Basin),USA,Santa Barbara Basin,34.2875,-120.036,0.001,Index to Marine and Lacustrine Geological Samples (IMLGS),Index to Marine and Lacustrine Geological Samples (IMLGS),0.0965,,Pratt et al. 1995,"silt, clay",,1.115,1,Pratt et al. 1995,,,,,
16504,ODP Site 893,ODP Site 893A (Santa Barbara Basin),USA,Santa Barbara Basin,34.2875,-120.036,0.001,Index to Marine and Lacustrine Geological Samples (IMLGS),Index to Marine and Lacustrine Geological Samples (IMLGS),0.1085,,Pratt et al. 1995,"silt, clay",,1.015,1,Pratt et al. 1995,,,,,
16505,ODP Site 893,ODP Site 893A (Santa Barbara Basin),USA,Santa Barbara Basin,34.2875,-120.036,0.001,Index to Marine and Lacustrine Geological Samples (IMLGS),Index to Marine and Lacustrine Geological Samples (IMLGS),0.1121,,Pratt et al. 1995,"silt, clay",,0.981,1,Pratt et al. 1995,,,,,
16506,ODP Site 893,ODP Site 893A (Santa Barbara Basin),USA,Santa Barbara Basin,34.2875,-120.036,0.001,Index to Marine and Lacustrine Geological Samples (IMLGS),Index to Marine and Lacustrine Geological Samples (IMLGS),0.1162,,Pratt et al. 1995,"silt, clay",,1.109,1,Pratt et al. 1995,,,,,
16507,ODP Site 893,ODP Site 893A (Santa Barbara Basin),USA,Santa Barbara Basin,34.2875,-120.036,0.001,Index to Marine and Lacustrine Geological Samples (IMLGS),Index to Marine and Lacustrine Geological Samples (IMLGS),0.1177,,Pratt et al. 1995,"silt, clay",,1.157,1,Pratt et al. 1995,,,,,
16508,ODP Site 893,ODP Site 893A (Santa Barbara Basin),USA,Santa Barbara Basin,34.2875,-120.036,0.001,Index to Marine and Lacustrine Geological Samples (IMLGS),Index to Marine and Lacustrine Geological Samples (IMLGS),0.1252,,Pratt et al. 1995,"silt, clay",,0.972,1,Pratt et al. 1995,,,,,
16509,ODP Site 893,ODP Site 893A (Santa Barbara Basin),USA,Santa Barbara Basin,34.2875,-120.036,0.001,Index to Marine and Lacustrine Geological Samples (IMLGS),Index to Marine and Lacustrine Geological Samples (IMLGS),0.1332,,Pratt et al. 1995,"silt, clay",,1.159,1,Pratt et al. 1995,,,,,
16510,ODP Site 893,ODP Site 893A (Santa Barbara Basin),USA,Santa Barbara Basin,34.2875,-120.036,0.001,Index to Marine and Lacustrine Geological Samples (IMLGS),Index to Marine and Lacustrine Geological Samples (IMLGS),0.1345,,Pratt et al. 1995,"silt, clay",,1.078,1,Pratt et al. 1995,,,,,
16511,ODP Site 893,ODP Site 893A (Santa Barbara Basin),USA,Santa Barbara Basin,34.2875,-120.036,0.001,Index to Marine and Lacustrine Geological Samples (IMLGS),Index to Marine and Lacustrine Geological Samples (IMLGS),0.1395,,Pratt et al. 1995,"silt, clay",,0.971,1,Pratt et al. 1995,,,,,
16512,ODP Site 893,ODP Site 893A (Santa Barbara Basin),USA,Santa Barbara Basin,34.2875,-120.036,0.001,Index to Marine and Lacustrine Geological Samples (IMLGS),Index to Marine and Lacustrine Geological Samples (IMLGS),0.1429,,Pratt et al. 1995,"silt, clay",,0.024,1,Pratt et al. 1995,,,,,
16513,ODP Site 893,ODP Site 893A (Santa Barbara Basin),USA,Santa Barbara Basin,34.2875,-120.036,0.001,Index to Marine and Lacustrine Geological Samples (IMLGS),Index to Marine and Lacustrine Geological Samples (IMLGS),0.1498,,Pratt et al. 1995,"silt, clay",,1.131,1,Pratt et al. 1995,,,,,
16514,ODP Site 893,ODP Site 893A (Santa Barbara Basin),USA,Santa Barbara Basin,34.2875,-120.036,0.001,Index to Marine and Lacustrine Geological Samples (IMLGS),Index to Marine and Lacustrine Geological Samples (IMLGS),0.1561,,Pratt et al. 1995,"silt, clay",,1.167,1,Pratt et al. 1995,,,,,
16515,ODP Site 893,ODP Site 893A (Santa Barbara Basin),USA,Santa Barbara Basin,34.2875,-120.036,0.001,Index to Marine and Lacustrine Geological Samples (IMLGS),Index to Marine and Lacustrine Geological Samples (IMLGS),0.1589,,Pratt et al. 1995,"silt, clay",,1.053,1,Pratt et al. 1995,,,,,
16516,North Pole Dome,Warrawoona Gp,Australia,Pilbara Craton,-27.17,133.4,20.24,Geoscience Australia,,3400,,Legacy: Schopf and Klein 1992,B-type silic dike,,0.05,1,Ueno et al. 2004,,,,,
16517,North Pole Dome,Warrawoona Gp,Australia,Pilbara Craton,-27.17,133.4,20.24,Geoscience Australia,,3400,,Legacy: Schopf and Klein 1992,B-type silic dike,,0.11,1,Ueno et al. 2004,,,,,
16518,North Pole Dome,Warrawoona Gp,Australia,Pilbara Craton,-27.17,133.4,20.24,Geoscience Australia,,3400,,Legacy: Schopf and Klein 1992,B-type silic dike,,0.06,1,Ueno et al. 2004,,,,,
16519,North Pole Dome,Warrawoona Gp,Australia,Pilbara Craton,-27.17,133.4,20.24,Geoscience Australia,,3400,,Legacy: Schopf and Klein 1992,B-type silic dike,,0.23,1,Ueno et al. 2004,,,,,
16520,North Pole Dome,Warrawoona Gp,Australia,Pilbara Craton,-27.17,133.4,20.24,Geoscience Australia,,3400,,Legacy: Schopf and Klein 1992,B-type silic dike,,0.23,1,Ueno et al. 2004,,,,,
16521,North Pole Dome,Warrawoona Gp,Australia,Pilbara Craton,-27.17,133.4,20.24,Geoscience Australia,,3400,,Legacy: Schopf and Klein 1992,B-type silic dike,,0.08,1,Ueno et al. 2004,,,,,
16522,North Pole Dome,Warrawoona Gp,Australia,Pilbara Craton,-27.17,133.4,20.24,Geoscience Australia,,3400,,Legacy: Schopf and Klein 1992,B-type silic dike,,0.15,1,Ueno et al. 2004,,,,,
16523,North Pole Dome,Warrawoona Gp,Australia,Pilbara Craton,-27.17,133.4,20.24,Geoscience Australia,,3400,,Legacy: Schopf and Klein 1992,B-type silic dike,,0.19,1,Ueno et al. 2004,,,,,
16524,North Pole Dome,Warrawoona Gp,Australia,Pilbara Craton,-27.17,133.4,20.24,Geoscience Australia,,3400,,Legacy: Schopf and Klein 1992,B-type silic dike,,0.2,1,Ueno et al. 2004,,,,,
16525,North Pole Dome,Warrawoona Gp,Australia,Pilbara Craton,-27.17,133.4,20.24,Geoscience Australia,,3400,,Legacy: Schopf and Klein 1992,B-type silic dike,,0.21,1,Ueno et al. 2004,,,,,
16526,North Pole Dome,Warrawoona Gp,Australia,Pilbara Craton,-27.17,133.4,20.24,Geoscience Australia,,3400,,Legacy: Schopf and Klein 1992,B-type silic dike,,0.11,1,Ueno et al. 2004,,,,,
16527,North Pole Dome,Warrawoona Gp,Australia,Pilbara Craton,-27.17,133.4,20.24,Geoscience Australia,,3400,,Legacy: Schopf and Klein 1992,B-type silic dike,,0.09,1,Ueno et al. 2004,,,,,
16529,North Pole Dome,Warrawoona Gp,Australia,Pilbara Craton,-27.17,133.4,20.24,Geoscience Australia,,3400,,Legacy: Schopf and Klein 1992,B-type silic dike,,0.12,1,Ueno et al. 2004,,,,,
16530,North Pole Dome,Warrawoona Gp,Australia,Pilbara Craton,-27.17,133.4,20.24,Geoscience Australia,,3400,,Legacy: Schopf and Klein 1992,B-type silic dike,,0.18,1,Ueno et al. 2004,,,,,
16531,North Pole Dome,Warrawoona Gp,Australia,Pilbara Craton,-27.17,133.4,20.24,Geoscience Australia,,3400,,Legacy: Schopf and Klein 1992,B-type silic dike,,0.2,1,Ueno et al. 2004,,,,,
16532,North Pole Dome,Warrawoona Gp,Australia,Pilbara Craton,-27.17,133.4,20.24,Geoscience Australia,,3400,,Legacy: Schopf and Klein 1992,B-type silic dike,,0.13,1,Ueno et al. 2004,,,,,
16533,North Pole Dome,Warrawoona Gp,Australia,Pilbara Craton,-27.17,133.4,20.24,Geoscience Australia,,3400,,Legacy: Schopf and Klein 1992,B-type silic dike,,0.14,1,Ueno et al. 2004,,,,,
16534,North Pole Dome,Warrawoona Gp,Australia,Pilbara Craton,-27.17,133.4,20.24,Geoscience Australia,,3400,,Legacy: Schopf and Klein 1992,B-type silic dike,,0.15,1,Ueno et al. 2004,,,,,
16535,North Pole Dome,Warrawoona Gp,Australia,Pilbara Craton,-27.17,133.4,20.24,Geoscience Australia,,3400,,Legacy: Schopf and Klein 1992,B-type silic dike,,0.18,1,Ueno et al. 2004,,,,,
16546,North Pole Dome,Warrawoona Gp,Australia,Pilbara Craton,-27.17,133.4,20.24,Geoscience Australia,,3400,,Legacy: Schopf and Klein 1992,G-type silica dike,,0.07,1,Ueno et al. 2004,,,,,
16560,Que River Beds,Que River Beds,Australia,,-27.17,133.4,20.24,Geoscience Australia,,520,,Legacy: McKirdy and Powell 1974,SH,,0.2,1,McKirdy and Powell 1974,,,,,
16561,Inca Fm,Inca Fm,Australia,,-27.17,133.4,20.24,Geoscience Australia,,530,,Legacy: McKirdy and Powell 1974,LS,,0.71,1,McKirdy and Powell 1974,,,,,
16562,Beetle Creek Fm,Beetle Creek Fm,Australia,,-27.17,133.4,20.24,Geoscience Australia,,530,,Legacy: McKirdy and Powell 1974,LS,,0.87,1,McKirdy and Powell 1974,,,,,
16563,Moodlatana Fm,Moodlatana Fm,Australia,,-27.17,133.4,20.24,Geoscience Australia,,535,,Legacy: McKirdy and Powell 1974,LS,,0.67,1,McKirdy and Powell 1974,,,,,
16564,Emu Bay Shale,Emu Bay Shale,Australia,,-27.17,133.4,20.24,Geoscience Australia,,545,,Legacy: McKirdy and Powell 1974,SH,,0.48,1,McKirdy and Powell 1974,,,,,
16565,Heatherdale Shale,Heatherdale Shale,Australia,,-27.17,133.4,20.24,Geoscience Australia,,560,,Legacy: McKirdy and Powell 1974,SH,,0.19,1,McKirdy and Powell 1974,,,,,
16566,Parara Limestone,Parara Limestone,Australia,,-27.17,133.4,20.24,Geoscience Australia,,565,,Legacy: McKirdy and Powell 1974,LS,,0.5,1,McKirdy and Powell 1974,,,,,
16567,Wilkawillina Limestone,Wilkawillina Limestone,Australia,,-27.17,133.4,20.24,Geoscience Australia,,565,,Legacy: McKirdy and Powell 1974,LS,,0.53,1,McKirdy and Powell 1974,,,,,
16568,Brachina Fm,"Brachina Fm, Sandison Subgp, Wilpena Gp",Australia,,-27.17,133.4,20.24,Geoscience Australia,,595,42,"Webb 1980 in Lloyd et al. 2020; Hoffman et al, 2004",SH,,0.15,1,McKirdy and Powell 1974,,,,,
16569,Brachina Fm,"Brachina Fm, Sandison Subgp, Wilpena Gp",Australia,,-27.17,133.4,20.24,Geoscience Australia,,595,42,"Webb 1980 in Lloyd et al. 2020; Hoffman et al, 2004",SH,,0.11,1,McKirdy and Powell 1974,,,,,
16570,Brachina Fm,"Brachina Fm, Sandison Subgp, Wilpena Gp",Australia,,-27.17,133.4,20.24,Geoscience Australia,,595,42,"Webb 1980 in Lloyd et al. 2020; Hoffman et al, 2004",SH,,0.06,1,McKirdy and Powell 1974,,,,,
16571,Tindelpina Shale Mbr,"Tindelpina Shale Mbr, Tapley Hill Fm, Nepouie Subgp, Umberatana Gp",Australia,,-27.17,133.4,20.24,Geoscience Australia,,643,2.4,Kendall et al. 2006 in Lloyd et al. 2020,SH,,0.14,1,McKirdy and Powell 1974,,,,,
16572,Tapley Hill Fm,"Tapley Hill Fm, Nepouie Subgp, Umberatana Gp",Australia,,-27.17,133.4,20.24,Geoscience Australia,,654,14,Letche and Wallace 2015; Hoffman et al. 2021 Earth Science Revews; Kendall et al. 2006 in Lloyd et al. 2020,SH,,0.15,1,McKirdy and Powell 1974,,,,,
16573,Tapley Hill Fm,"Tapley Hill Fm, Nepouie Subgp, Umberatana Gp",Australia,,-27.17,133.4,20.24,Geoscience Australia,,654,14,Letche and Wallace 2015; Hoffman et al. 2021 Earth Science Revews; Kendall et al. 2006 in Lloyd et al. 2020,SH,,0.18,1,McKirdy and Powell 1974,,,,,
16574,Tapley Hill Fm,"Tapley Hill Fm, Nepouie Subgp, Umberatana Gp",Australia,,-27.17,133.4,20.24,Geoscience Australia,,654,14,Letche and Wallace 2015; Hoffman et al. 2021 Earth Science Revews; Kendall et al. 2006 in Lloyd et al. 2020,SH,,0.25,1,McKirdy and Powell 1974,,,,,
16575,Tapley Hill Fm,"Tapley Hill Fm, Nepouie Subgp, Umberatana Gp",Australia,,-27.17,133.4,20.24,Geoscience Australia,,654,14,Letche and Wallace 2015; Hoffman et al. 2021 Earth Science Revews; Kendall et al. 2006 in Lloyd et al. 2020,SH,,0.09,1,McKirdy and Powell 1974,,,,,
16576,"Gillen Mbr, Bitter Springs Fm","Gillen Fm, Bitter Springs Gp",Australia,,-27.17,133.4,20.24,Geoscience Australia,,870,50,Glikerson et al. 1996 in Normington and Donnellan 2020; Kositcin et al. 2015 in Normington and Donnellan 2020,DOL,,0.73,1,McKirdy and Powell 1974,,,,,
16577,Skillogalee Dolomite,"Skillogalee Dolomite, Mundallio Subgp, Burra Gp",Australia,,-27.17,133.4,20.24,Geoscience Australia,,748,51,Lloyd et al. 2020; Keeman et al. 2020 in Lloyd et al. 2020,DOL,,0.1,1,McKirdy and Powell 1974,,,,,
16578,"Kyalla Mbr, McMinn Fm","Kyalla Mbr, McMinn Fm, Roper Gp",Australia,,-27.17,133.4,20.24,Geoscience Australia,,1340,,Legacy: Schopf and Klein 1992,SH,,1.17,1,McKirdy and Powell 1974,,,,,
16579,Urquhart Shale,Urquhart Shale,Zimbabwe,,-19.04,29.16,3.9,Google Maps,,1670,,Legacy: Schopf and Klein 1992,SH,,0.13,1,McKirdy and Powell 1974,,,,,
16580,Marimo Slate,Marimo Slate,Australia,,-27.17,133.4,20.24,Geoscience Australia,,1500,,Legacy: Schopf and Klein 1992,SH,,0.05,1,McKirdy and Powell 1974,,,,,
16581,"HYC Pyritic Shale Mbr, Barney Creek Fm","HYC Pyritic Shale Mbr, Barney Creek Fm, Umbolooga Subgp, McArthur Gp",Australia,,-27.17,133.4,20.24,Geoscience Australia,,1638,7,Page et al. 2000,SH,,0.64,1,McKirdy and Powell 1974,,,,,
16582,Golden Dyke Fm,Golden Dyke Fm,Australia,,-27.17,133.4,20.24,Geoscience Australia,,1900,,Legacy: Schopf and Klein 1992,SH,,0.04,1,McKirdy and Powell 1974,,,,,
16583,Hooggenoeg,Hooggenoeg Fm,South Africa,,-34.56,27.23,12.43,Wikipedia,,3425,25,Legacy: ,,,0.41,1,McKirdy and Powell 1974,,,,,
16584,Hooggenoeg,Hooggenoeg Fm,South Africa,,-34.56,27.23,12.43,Wikipedia,,3425,25,Legacy: ,,,0.69,1,McKirdy and Powell 1974,,,,,
16585,Hooggenoeg,Hooggenoeg Fm,South Africa,,-34.56,27.23,12.43,Wikipedia,,3425,25,Legacy: ,,,0.43,1,McKirdy and Powell 1974,,,,,
16586,Hooggenoeg,Hooggenoeg Fm,South Africa,,-34.56,27.23,12.43,Wikipedia,,3425,25,Legacy: ,,,0.58,1,McKirdy and Powell 1974,,,,,
16587,Theespruit Fm,Theespruit Fm,South Africa,,-34.56,27.23,12.43,Wikipedia,,3550,,Legacy: Schopf and Klein 1992,,,0.09,1,McKirdy and Powell 1974,,,,,
16588,Theespruit Fm,Theespruit Fm,South Africa,,-34.56,27.23,12.43,Wikipedia,,3550,,Legacy: Schopf and Klein 1992,,,0.04,1,McKirdy and Powell 1974,,,,,
16589,Theespruit Fm,Theespruit Fm,South Africa,,-34.56,27.23,12.43,Wikipedia,,3550,,Legacy: Schopf and Klein 1992,,,0.04,1,McKirdy and Powell 1974,,,,,
16590,Theespruit Fm,Theespruit Fm,South Africa,,-34.56,27.23,12.43,Wikipedia,,3550,,Legacy: Schopf and Klein 1992,,,0.03,1,McKirdy and Powell 1974,,,,,
16591,Theespruit Fm,Theespruit Fm,South Africa,,-34.56,27.23,12.43,Wikipedia,,3550,,Legacy: Schopf and Klein 1992,,,0.05,1,McKirdy and Powell 1974,,,,,
16592,Theespruit Fm,Theespruit Fm,South Africa,,-34.56,27.23,12.43,Wikipedia,,3550,,Legacy: Schopf and Klein 1992,,,0.05,1,McKirdy and Powell 1974,,,,,
16593,Theespruit Fm,Theespruit Fm,South Africa,,-34.56,27.23,12.43,Wikipedia,,3550,,Legacy: Schopf and Klein 1992,,,0.04,1,McKirdy and Powell 1974,,,,,
